name,date,PX_LAST
TFT1 N:02_0_N Comdty,2015-03-20,15.25445
TFT1 N:02_0_N Comdty,2015-03-23,15.0888
TFT1 N:02_0_N Comdty,2015-03-24,14.95225
TFT1 N:02_0_N Comdty,2015-03-25,14.99084
TFT1 N:02_0_N Comdty,2015-03-26,14.98196
TFT1 N:02_0_N Comdty,2015-03-27,14.89742
TFT1 N:02_0_N Comdty,2015-03-30,14.99945
TFT1 N:02_0_N Comdty,2015-03-31,15.01358
TFT1 N:02_0_N Comdty,2015-04-01,14.93673
TFT1 N:02_0_N Comdty,2015-04-02,14.8952
TFT1 N:02_0_N Comdty,2015-04-03,14.7715
TFT1 N:02_0_N Comdty,2015-04-07,14.92451
TFT1 N:02_0_N Comdty,2015-04-08,14.79782
TFT1 N:02_0_N Comdty,2015-04-09,14.99667
TFT1 N:02_0_N Comdty,2015-04-10,15.01122
TFT1 N:02_0_N Comdty,2015-04-13,15.01194
TFT1 N:02_0_N Comdty,2015-04-14,14.97505
TFT1 N:02_0_N Comdty,2015-04-15,15.02565
TFT1 N:02_0_N Comdty,2015-04-16,14.89534
TFT1 N:02_0_N Comdty,2015-04-17,14.80925
TFT1 N:02_0_N Comdty,2015-04-20,14.97754
TFT1 N:02_0_N Comdty,2015-04-21,14.9748
TFT1 N:02_0_N Comdty,2015-04-22,15.21888
TFT1 N:02_0_N Comdty,2015-04-23,14.97396
TFT1 N:02_0_N Comdty,2015-04-24,14.96324
TFT1 N:02_0_N Comdty,2015-04-27,14.96482
TFT1 N:02_0_N Comdty,2015-04-28,15.03836
TFT1 N:02_0_N Comdty,2015-04-29,14.78207
TFT1 N:02_0_N Comdty,2015-04-30,14.83387
TFT1 N:02_0_N Comdty,2015-05-04,14.70116
TFT1 N:02_0_N Comdty,2015-05-05,14.53219
TFT1 N:02_0_N Comdty,2015-05-06,14.38625
TFT1 N:02_0_N Comdty,2015-05-07,14.4401
TFT1 N:02_0_N Comdty,2015-05-08,14.59954
TFT1 N:02_0_N Comdty,2015-05-11,14.64134
TFT1 N:02_0_N Comdty,2015-05-12,14.48582
TFT1 N:02_0_N Comdty,2015-05-13,14.37511
TFT1 N:02_0_N Comdty,2015-05-14,14.31146
TFT1 N:02_0_N Comdty,2015-05-15,14.37627
TFT1 N:02_0_N Comdty,2015-05-18,14.41522
TFT1 N:02_0_N Comdty,2015-05-19,14.5636
TFT1 N:02_0_N Comdty,2015-05-20,14.62888
TFT1 N:02_0_N Comdty,2015-05-21,14.57787
TFT1 N:02_0_N Comdty,2015-05-22,14.71029
TFT1 N:02_0_N Comdty,2015-05-25,14.71285
TFT1 N:02_0_N Comdty,2015-05-26,14.62902
TFT1 N:02_0_N Comdty,2015-05-27,14.69129
TFT1 N:02_0_N Comdty,2015-05-28,14.46869
TFT1 N:02_0_N Comdty,2015-05-29,14.44569
TFT1 N:02_0_N Comdty,2015-06-01,14.37803
TFT1 N:02_0_N Comdty,2015-06-02,14.25855
TFT1 N:02_0_N Comdty,2015-06-03,14.34013
TFT1 N:02_0_N Comdty,2015-06-04,14.27871
TFT1 N:02_0_N Comdty,2015-06-05,14.44743
TFT1 N:02_0_N Comdty,2015-06-08,14.35731
TFT1 N:02_0_N Comdty,2015-06-09,14.33489
TFT1 N:02_0_N Comdty,2015-06-10,14.27048
TFT1 N:02_0_N Comdty,2015-06-11,14.32716
TFT1 N:02_0_N Comdty,2015-06-12,14.12133
TFT1 N:02_0_N Comdty,2015-06-15,14.17546
TFT1 N:02_0_N Comdty,2015-06-16,14.28034
TFT1 N:02_0_N Comdty,2015-06-17,14.16324
TFT1 N:02_0_N Comdty,2015-06-18,14.16886
TFT1 N:02_0_N Comdty,2015-06-19,14.08274
TFT1 N:02_0_N Comdty,2015-06-23,14.29769
TFT1 N:02_0_N Comdty,2015-06-24,14.30124
TFT1 N:02_0_N Comdty,2015-06-25,14.29028
TFT1 N:02_0_N Comdty,2015-06-26,14.26345
TFT1 N:02_0_N Comdty,2015-06-29,14.09094
TFT1 N:02_0_N Comdty,2015-06-30,14.29694
TFT1 N:02_0_N Comdty,2015-07-01,14.4499
TFT1 N:02_0_N Comdty,2015-07-02,14.41285
TFT1 N:02_0_N Comdty,2015-07-03,14.46705
TFT1 N:02_0_N Comdty,2015-07-06,14.55214
TFT1 N:02_0_N Comdty,2015-07-07,14.71111
TFT1 N:02_0_N Comdty,2015-07-08,14.60273
TFT1 N:02_0_N Comdty,2015-07-09,14.69189
TFT1 N:02_0_N Comdty,2015-07-10,14.53361
TFT1 N:02_0_N Comdty,2015-07-13,14.6246
TFT1 N:02_0_N Comdty,2015-07-14,14.56891
TFT1 N:02_0_N Comdty,2015-07-15,14.63355
TFT1 N:02_0_N Comdty,2015-07-16,14.7692
TFT1 N:02_0_N Comdty,2015-07-17,14.81222
TFT1 N:02_0_N Comdty,2015-07-20,14.85214
TFT1 N:02_0_N Comdty,2015-07-21,14.73506
TFT1 N:02_0_N Comdty,2015-07-22,14.80652
TFT1 N:02_0_N Comdty,2015-07-23,14.764
TFT1 N:02_0_N Comdty,2015-07-24,14.86511
TFT1 N:02_0_N Comdty,2015-07-27,14.84111
TFT1 N:02_0_N Comdty,2015-07-28,14.90378
TFT1 N:02_0_N Comdty,2015-07-29,14.90868
TFT1 N:02_0_N Comdty,2015-07-30,15.00444
TFT1 N:02_0_N Comdty,2015-07-31,14.86259
TFT1 N:02_0_N Comdty,2015-08-03,14.9059
TFT1 N:02_0_N Comdty,2015-08-04,14.99106
TFT1 N:02_0_N Comdty,2015-08-05,15.10221
TFT1 N:02_0_N Comdty,2015-08-06,15.11545
TFT1 N:02_0_N Comdty,2015-08-07,15.15536
TFT1 N:02_0_N Comdty,2015-08-10,15.13763
TFT1 N:02_0_N Comdty,2015-08-11,14.89461
TFT1 N:02_0_N Comdty,2015-08-12,14.48535
TFT1 N:02_0_N Comdty,2015-08-13,14.5618
TFT1 N:02_0_N Comdty,2015-08-14,14.5659
TFT1 N:02_0_N Comdty,2015-08-17,14.52712
TFT1 N:02_0_N Comdty,2015-08-18,14.57517
TFT1 N:02_0_N Comdty,2015-08-19,14.46077
TFT1 N:02_0_N Comdty,2015-08-20,14.37524
TFT1 N:02_0_N Comdty,2015-08-21,14.16258
TFT1 N:02_0_N Comdty,2015-08-24,14.02886
TFT1 N:02_0_N Comdty,2015-08-25,14.18294
TFT1 N:02_0_N Comdty,2015-08-26,14.25035
TFT1 N:02_0_N Comdty,2015-08-27,14.56961
TFT1 N:02_0_N Comdty,2015-08-28,14.5769
TFT1 N:02_0_N Comdty,2015-08-31,14.65847
TFT1 N:02_0_N Comdty,2015-09-01,14.64691
TFT1 N:02_0_N Comdty,2015-09-02,14.72424
TFT1 N:02_0_N Comdty,2015-09-07,14.77614
TFT1 N:02_0_N Comdty,2015-09-08,14.83421
TFT1 N:02_0_N Comdty,2015-09-09,14.75055
TFT1 N:02_0_N Comdty,2015-09-10,14.70337
TFT1 N:02_0_N Comdty,2015-09-11,14.71345
TFT1 N:02_0_N Comdty,2015-09-14,14.64413
TFT1 N:02_0_N Comdty,2015-09-15,14.77377
TFT1 N:02_0_N Comdty,2015-09-16,14.66023
TFT1 N:02_0_N Comdty,2015-09-17,14.70466
TFT1 N:02_0_N Comdty,2015-09-18,14.56638
TFT1 N:02_0_N Comdty,2015-09-21,14.66444
TFT1 N:02_0_N Comdty,2015-09-22,14.69021
TFT1 N:02_0_N Comdty,2015-09-23,14.75303
TFT1 N:02_0_N Comdty,2015-09-24,14.71967
TFT1 N:02_0_N Comdty,2015-09-25,14.84261
TFT1 N:02_0_N Comdty,2015-09-28,14.81689
TFT1 N:02_0_N Comdty,2015-09-29,14.84222
TFT1 N:02_0_N Comdty,2015-09-30,14.912
TFT1 N:02_0_N Comdty,2015-10-08,14.7949
TFT1 N:02_0_N Comdty,2015-10-09,14.83278
TFT1 N:02_0_N Comdty,2015-10-12,14.91721
TFT1 N:02_0_N Comdty,2015-10-13,14.89001
TFT1 N:02_0_N Comdty,2015-10-14,14.7886
TFT1 N:02_0_N Comdty,2015-10-15,14.75837
TFT1 N:02_0_N Comdty,2015-10-16,14.67956
TFT1 N:02_0_N Comdty,2015-10-19,14.75894
TFT1 N:02_0_N Comdty,2015-10-20,14.89159
TFT1 N:02_0_N Comdty,2015-10-21,14.91187
TFT1 N:02_0_N Comdty,2015-10-22,15.1344
TFT1 N:02_0_N Comdty,2015-10-23,15.29891
TFT1 N:02_0_N Comdty,2015-10-26,15.34678
TFT1 N:02_0_N Comdty,2015-10-27,15.483
TFT1 N:02_0_N Comdty,2015-10-28,15.38793
TFT1 N:02_0_N Comdty,2015-10-29,15.41466
TFT1 N:02_0_N Comdty,2015-10-30,15.44121
TFT1 N:02_0_N Comdty,2015-11-02,15.37705
TFT1 N:02_0_N Comdty,2015-11-03,15.43055
TFT1 N:02_0_N Comdty,2015-11-04,15.43231
TFT1 N:02_0_N Comdty,2015-11-05,15.49395
TFT1 N:02_0_N Comdty,2015-11-06,15.55722
TFT1 N:02_0_N Comdty,2015-11-09,15.34909
TFT1 N:02_0_N Comdty,2015-11-10,15.45686
TFT1 N:02_0_N Comdty,2015-11-11,15.47977
TFT1 N:02_0_N Comdty,2015-11-12,15.40522
TFT1 N:02_0_N Comdty,2015-11-13,15.50988
TFT1 N:02_0_N Comdty,2015-11-16,15.56152
TFT1 N:02_0_N Comdty,2015-11-17,15.67027
TFT1 N:02_0_N Comdty,2015-11-18,15.64721
TFT1 N:02_0_N Comdty,2015-11-19,15.62782
TFT1 N:02_0_N Comdty,2015-11-20,15.74362
TFT1 N:02_0_N Comdty,2015-11-23,15.69481
TFT1 N:02_0_N Comdty,2015-11-24,15.7149
TFT1 N:02_0_N Comdty,2015-11-25,15.8146
TFT1 N:02_0_N Comdty,2015-11-26,15.88987
TFT1 N:02_0_N Comdty,2015-11-27,15.95824
TFT1 N:02_0_N Comdty,2015-11-30,15.90622
TFT1 N:02_0_N Comdty,2015-12-01,15.88369
TFT1 N:02_0_N Comdty,2015-12-02,15.80897
TFT1 N:02_0_N Comdty,2015-12-03,15.47017
TFT1 N:02_0_N Comdty,2015-12-04,15.46779
TFT1 N:02_0_N Comdty,2015-12-07,15.46309
TFT1 N:02_0_N Comdty,2015-12-08,15.3384
TFT1 N:02_0_N Comdty,2015-12-09,15.19934
TFT1 N:02_0_N Comdty,2015-12-10,15.22661
TFT1 N:02_0_N Comdty,2015-12-11,15.10807
TFT1 N:02_0_N Comdty,2015-12-14,15.06776
TFT1 N:02_0_N Comdty,2015-12-15,15.20909
TFT1 N:02_0_N Comdty,2015-12-16,15.10372
TFT1 N:02_0_N Comdty,2015-12-17,15.24056
TFT1 N:02_0_N Comdty,2015-12-18,15.27923
TFT1 N:02_0_N Comdty,2015-12-21,15.28231
TFT1 N:02_0_N Comdty,2015-12-22,15.20361
TFT1 N:02_0_N Comdty,2015-12-23,15.34022
TFT1 N:02_0_N Comdty,2015-12-24,15.28385
TFT1 N:02_0_N Comdty,2015-12-25,15.32671
TFT1 N:02_0_N Comdty,2015-12-28,15.29921
TFT1 N:02_0_N Comdty,2015-12-29,15.3475
TFT1 N:02_0_N Comdty,2015-12-30,15.27622
TFT1 N:02_0_N Comdty,2015-12-31,15.41811
TFT1 N:02_0_N Comdty,2016-01-04,15.34912
TFT1 N:02_0_N Comdty,2016-01-05,15.41635
TFT1 N:02_0_N Comdty,2016-01-06,15.42064
TFT1 N:02_0_N Comdty,2016-01-07,15.15636
TFT1 N:02_0_N Comdty,2016-01-08,15.15646
TFT1 N:02_0_N Comdty,2016-01-11,15.24771
TFT1 N:02_0_N Comdty,2016-01-12,15.36606
TFT1 N:02_0_N Comdty,2016-01-13,15.431
TFT1 N:02_0_N Comdty,2016-01-14,15.32517
TFT1 N:02_0_N Comdty,2016-01-15,15.29108
TFT1 N:02_0_N Comdty,2016-01-18,15.32498
TFT1 N:02_0_N Comdty,2016-01-19,15.24177
TFT1 N:02_0_N Comdty,2016-01-20,15.24531
TFT1 N:02_0_N Comdty,2016-01-21,15.41838
TFT1 N:02_0_N Comdty,2016-01-22,15.48038
TFT1 N:02_0_N Comdty,2016-01-25,15.41938
TFT1 N:02_0_N Comdty,2016-01-26,15.47405
TFT1 N:02_0_N Comdty,2016-01-27,15.43016
TFT1 N:02_0_N Comdty,2016-01-28,15.41066
TFT1 N:02_0_N Comdty,2016-01-29,15.60176
TFT1 N:02_0_N Comdty,2016-02-01,15.54726
TFT1 N:02_0_N Comdty,2016-02-02,15.47439
TFT1 N:02_0_N Comdty,2016-02-03,15.29475
TFT1 N:02_0_N Comdty,2016-02-04,15.19709
TFT1 N:02_0_N Comdty,2016-02-05,15.14673
TFT1 N:02_0_N Comdty,2016-02-15,15.29574
TFT1 N:02_0_N Comdty,2016-02-16,15.22691
TFT1 N:02_0_N Comdty,2016-02-17,15.26448
TFT1 N:02_0_N Comdty,2016-02-18,15.318
TFT1 N:02_0_N Comdty,2016-02-19,15.25191
TFT1 N:02_0_N Comdty,2016-02-22,15.37808
TFT1 N:02_0_N Comdty,2016-02-23,15.24162
TFT1 N:02_0_N Comdty,2016-02-24,15.1636
TFT1 N:02_0_N Comdty,2016-02-25,15.19926
TFT1 N:02_0_N Comdty,2016-02-26,15.35436
TFT1 N:02_0_N Comdty,2016-02-29,15.11855
TFT1 N:02_0_N Comdty,2016-03-01,15.15853
TFT1 N:02_0_N Comdty,2016-03-02,15.0912
TFT1 N:02_0_N Comdty,2016-03-03,15.01974
TFT1 N:02_0_N Comdty,2016-03-04,15.121
TFT1 N:02_0_N Comdty,2016-03-07,15.07017
TFT1 N:02_0_N Comdty,2016-03-08,15.12121
TFT1 N:02_0_N Comdty,2016-03-09,15.14346
TFT1 N:02_0_N Comdty,2016-03-10,15.01026
TFT1 N:02_0_N Comdty,2016-03-11,15.10005
TFT1 N:02_0_N Comdty,2016-03-14,15.13153
TFT1 N:02_0_N Comdty,2016-03-15,15.10286
TFT1 N:02_0_N Comdty,2016-03-16,15.13888
TFT1 N:02_0_N Comdty,2016-03-17,14.88942
TFT1 N:02_0_N Comdty,2016-03-18,14.91054
TFT1 N:02_0_N Comdty,2016-03-21,14.88159
TFT1 N:02_0_N Comdty,2016-03-22,14.92903
TFT1 N:02_0_N Comdty,2016-03-23,14.94491
TFT1 N:02_0_N Comdty,2016-03-24,14.94061
TFT1 N:02_0_N Comdty,2016-03-25,14.96365
TFT1 N:02_0_N Comdty,2016-03-28,14.95199
TFT1 N:02_0_N Comdty,2016-03-29,14.87871
TFT1 N:02_0_N Comdty,2016-03-30,14.88418
TFT1 N:02_0_N Comdty,2016-03-31,14.83073
TFT1 N:02_0_N Comdty,2016-04-01,14.76866
TFT1 N:02_0_N Comdty,2016-04-05,14.69511
TFT1 N:02_0_N Comdty,2016-04-06,14.67967
TFT1 N:02_0_N Comdty,2016-04-07,14.70478
TFT1 N:02_0_N Comdty,2016-04-08,14.70347
TFT1 N:02_0_N Comdty,2016-04-11,14.7269
TFT1 N:02_0_N Comdty,2016-04-12,14.74985
TFT1 N:02_0_N Comdty,2016-04-13,14.82933
TFT1 N:02_0_N Comdty,2016-04-14,14.8039
TFT1 N:02_0_N Comdty,2016-04-15,14.83637
TFT1 N:02_0_N Comdty,2016-04-18,14.79862
TFT1 N:02_0_N Comdty,2016-04-19,14.80754
TFT1 N:02_0_N Comdty,2016-04-20,14.87
TFT1 N:02_0_N Comdty,2016-04-21,14.89483
TFT1 N:02_0_N Comdty,2016-04-22,14.95518
TFT1 N:02_0_N Comdty,2016-04-25,14.88155
TFT1 N:02_0_N Comdty,2016-04-26,14.90766
TFT1 N:02_0_N Comdty,2016-04-27,14.84136
TFT1 N:02_0_N Comdty,2016-04-28,14.88513
TFT1 N:02_0_N Comdty,2016-04-29,14.74797
TFT1 N:02_0_N Comdty,2016-05-03,14.63473
TFT1 N:02_0_N Comdty,2016-05-04,14.70488
TFT1 N:02_0_N Comdty,2016-05-05,14.86064
TFT1 N:02_0_N Comdty,2016-05-06,14.88682
TFT1 N:02_0_N Comdty,2016-05-09,14.9235
TFT1 N:02_0_N Comdty,2016-05-10,14.99751
TFT1 N:02_0_N Comdty,2016-05-11,15.00192
TFT1 N:02_0_N Comdty,2016-05-12,14.94263
TFT1 N:02_0_N Comdty,2016-05-13,15.01178
TFT1 N:02_0_N Comdty,2016-05-16,15.03682
TFT1 N:02_0_N Comdty,2016-05-17,15.01836
TFT1 N:02_0_N Comdty,2016-05-18,15.01611
TFT1 N:02_0_N Comdty,2016-05-19,15.12393
TFT1 N:02_0_N Comdty,2016-05-20,15.14316
TFT1 N:02_0_N Comdty,2016-05-23,15.09989
TFT1 N:02_0_N Comdty,2016-05-24,15.1612
TFT1 N:02_0_N Comdty,2016-05-25,15.1347
TFT1 N:02_0_N Comdty,2016-05-26,15.11726
TFT1 N:02_0_N Comdty,2016-05-27,15.09849
TFT1 N:02_0_N Comdty,2016-05-30,15.07573
TFT1 N:02_0_N Comdty,2016-05-31,14.95127
TFT1 N:02_0_N Comdty,2016-06-01,14.90027
TFT1 N:02_0_N Comdty,2016-06-02,14.88875
TFT1 N:02_0_N Comdty,2016-06-03,14.76852
TFT1 N:02_0_N Comdty,2016-06-06,14.63191
TFT1 N:02_0_N Comdty,2016-06-07,14.56445
TFT1 N:02_0_N Comdty,2016-06-08,14.4541
TFT1 N:02_0_N Comdty,2016-06-13,14.53488
TFT1 N:02_0_N Comdty,2016-06-14,14.52181
TFT1 N:02_0_N Comdty,2016-06-15,14.58909
TFT1 N:02_0_N Comdty,2016-06-16,14.63753
TFT1 N:02_0_N Comdty,2016-06-17,14.53952
TFT1 N:02_0_N Comdty,2016-06-20,14.58723
TFT1 N:02_0_N Comdty,2016-06-21,14.56743
TFT1 N:02_0_N Comdty,2016-06-22,14.55974
TFT1 N:02_0_N Comdty,2016-06-23,14.58088
TFT1 N:02_0_N Comdty,2016-06-24,14.66597
TFT1 N:02_0_N Comdty,2016-06-27,14.7697
TFT1 N:02_0_N Comdty,2016-06-28,14.78277
TFT1 N:02_0_N Comdty,2016-06-29,14.79699
TFT1 N:02_0_N Comdty,2016-06-30,14.73873
TFT1 N:02_0_N Comdty,2016-07-01,14.71795
TFT1 N:02_0_N Comdty,2016-07-04,14.6191
TFT1 N:02_0_N Comdty,2016-07-05,14.65225
TFT1 N:02_0_N Comdty,2016-07-06,14.6599
TFT1 N:02_0_N Comdty,2016-07-07,14.73189
TFT1 N:02_0_N Comdty,2016-07-08,14.79995
TFT1 N:02_0_N Comdty,2016-07-11,14.7471
TFT1 N:02_0_N Comdty,2016-07-12,14.78471
TFT1 N:02_0_N Comdty,2016-07-13,14.7373
TFT1 N:02_0_N Comdty,2016-07-14,14.71927
TFT1 N:02_0_N Comdty,2016-07-15,14.78425
TFT1 N:02_0_N Comdty,2016-07-18,14.73721
TFT1 N:02_0_N Comdty,2016-07-19,14.80499
TFT1 N:02_0_N Comdty,2016-07-20,14.91511
TFT1 N:02_0_N Comdty,2016-07-21,14.91949
TFT1 N:02_0_N Comdty,2016-07-22,14.94763
TFT1 N:02_0_N Comdty,2016-07-25,14.88142
TFT1 N:02_0_N Comdty,2016-07-26,15.02249
TFT1 N:02_0_N Comdty,2016-07-27,15.02397
TFT1 N:02_0_N Comdty,2016-07-28,14.9022
TFT1 N:02_0_N Comdty,2016-07-29,14.76741
TFT1 N:02_0_N Comdty,2016-08-01,14.70753
TFT1 N:02_0_N Comdty,2016-08-02,14.71635
TFT1 N:02_0_N Comdty,2016-08-03,14.82183
TFT1 N:02_0_N Comdty,2016-08-04,14.84328
TFT1 N:02_0_N Comdty,2016-08-05,14.93286
TFT1 N:02_0_N Comdty,2016-08-08,14.97653
TFT1 N:02_0_N Comdty,2016-08-09,15.00244
TFT1 N:02_0_N Comdty,2016-08-10,14.95663
TFT1 N:02_0_N Comdty,2016-08-11,14.9301
TFT1 N:02_0_N Comdty,2016-08-12,14.96723
TFT1 N:02_0_N Comdty,2016-08-15,14.96681
TFT1 N:02_0_N Comdty,2016-08-16,14.81348
TFT1 N:02_0_N Comdty,2016-08-17,14.79483
TFT1 N:02_0_N Comdty,2016-08-18,14.71242
TFT1 N:02_0_N Comdty,2016-08-19,14.67893
TFT1 N:02_0_N Comdty,2016-08-22,14.71334
TFT1 N:02_0_N Comdty,2016-08-23,14.69831
TFT1 N:02_0_N Comdty,2016-08-24,14.72233
TFT1 N:02_0_N Comdty,2016-08-25,14.74534
TFT1 N:02_0_N Comdty,2016-08-26,14.82759
TFT1 N:02_0_N Comdty,2016-08-29,14.87801
TFT1 N:02_0_N Comdty,2016-08-30,14.88834
TFT1 N:02_0_N Comdty,2016-08-31,14.81179
TFT1 N:02_0_N Comdty,2016-09-01,14.79252
TFT1 N:02_0_N Comdty,2016-09-02,14.78181
TFT1 N:02_0_N Comdty,2016-09-05,14.78396
TFT1 N:02_0_N Comdty,2016-09-06,14.6225
TFT1 N:02_0_N Comdty,2016-09-07,14.64775
TFT1 N:02_0_N Comdty,2016-09-08,14.70662
TFT1 N:02_0_N Comdty,2016-09-09,14.7222
TFT1 N:02_0_N Comdty,2016-09-12,14.6439
TFT1 N:02_0_N Comdty,2016-09-13,14.72216
TFT1 N:02_0_N Comdty,2016-09-14,14.72353
TFT1 N:02_0_N Comdty,2016-09-19,14.84884
TFT1 N:02_0_N Comdty,2016-09-20,14.83384
TFT1 N:02_0_N Comdty,2016-09-21,14.79985
TFT1 N:02_0_N Comdty,2016-09-22,14.67634
TFT1 N:02_0_N Comdty,2016-09-23,14.70936
TFT1 N:02_0_N Comdty,2016-09-26,14.72402
TFT1 N:02_0_N Comdty,2016-09-27,14.73702
TFT1 N:02_0_N Comdty,2016-09-28,14.7317
TFT1 N:02_0_N Comdty,2016-09-29,14.67174
TFT1 N:02_0_N Comdty,2016-09-30,14.75577
TFT1 N:02_0_N Comdty,2016-10-10,14.88571
TFT1 N:02_0_N Comdty,2016-10-11,14.91148
TFT1 N:02_0_N Comdty,2016-10-12,14.8873
TFT1 N:02_0_N Comdty,2016-10-13,14.88306
TFT1 N:02_0_N Comdty,2016-10-14,14.92853
TFT1 N:02_0_N Comdty,2016-10-17,14.88526
TFT1 N:02_0_N Comdty,2016-10-18,14.91197
TFT1 N:02_0_N Comdty,2016-10-19,14.94483
TFT1 N:02_0_N Comdty,2016-10-20,14.98375
TFT1 N:02_0_N Comdty,2016-10-21,14.99603
TFT1 N:02_0_N Comdty,2016-10-24,14.91981
TFT1 N:02_0_N Comdty,2016-10-25,14.90099
TFT1 N:02_0_N Comdty,2016-10-26,14.85576
TFT1 N:02_0_N Comdty,2016-10-27,14.87351
TFT1 N:02_0_N Comdty,2016-10-28,14.86726
TFT1 N:02_0_N Comdty,2016-10-31,14.81285
TFT1 N:02_0_N Comdty,2016-11-01,14.61991
TFT1 N:02_0_N Comdty,2016-11-02,14.60238
TFT1 N:02_0_N Comdty,2016-11-03,14.63152
TFT1 N:02_0_N Comdty,2016-11-04,14.57639
TFT1 N:02_0_N Comdty,2016-11-07,14.55665
TFT1 N:02_0_N Comdty,2016-11-08,14.57064
TFT1 N:02_0_N Comdty,2016-11-09,14.63363
TFT1 N:02_0_N Comdty,2016-11-10,14.63232
TFT1 N:02_0_N Comdty,2016-11-11,14.63387
TFT1 N:02_0_N Comdty,2016-11-14,14.68801
TFT1 N:02_0_N Comdty,2016-11-15,14.71783
TFT1 N:02_0_N Comdty,2016-11-16,14.68152
TFT1 N:02_0_N Comdty,2016-11-17,14.71028
TFT1 N:02_0_N Comdty,2016-11-18,14.74266
TFT1 N:02_0_N Comdty,2016-11-21,14.73656
TFT1 N:02_0_N Comdty,2016-11-22,14.74971
TFT1 N:02_0_N Comdty,2016-11-23,14.82237
TFT1 N:02_0_N Comdty,2016-11-24,14.80709
TFT1 N:02_0_N Comdty,2016-11-25,14.75931
TFT1 N:02_0_N Comdty,2016-11-28,14.79824
TFT1 N:02_0_N Comdty,2016-11-29,14.72901
TFT1 N:02_0_N Comdty,2016-11-30,14.58518
TFT1 N:02_0_N Comdty,2016-12-01,14.45744
TFT1 N:02_0_N Comdty,2016-12-02,14.42414
TFT1 N:02_0_N Comdty,2016-12-05,14.38828
TFT1 N:02_0_N Comdty,2016-12-06,14.34113
TFT1 N:02_0_N Comdty,2016-12-07,14.30415
TFT1 N:02_0_N Comdty,2016-12-08,14.37665
TFT1 N:02_0_N Comdty,2016-12-09,14.40128
TFT1 N:02_0_N Comdty,2016-12-12,14.2281
TFT1 N:02_0_N Comdty,2016-12-13,14.17748
TFT1 N:02_0_N Comdty,2016-12-14,14.14184
TFT1 N:02_0_N Comdty,2016-12-15,14.07297
TFT1 N:02_0_N Comdty,2016-12-16,14.09372
TFT1 N:02_0_N Comdty,2016-12-19,13.90618
TFT1 N:02_0_N Comdty,2016-12-20,14.02919
TFT1 N:02_0_N Comdty,2016-12-21,14.21741
TFT1 N:02_0_N Comdty,2016-12-22,14.28685
TFT1 N:02_0_N Comdty,2016-12-23,14.29095
TFT1 N:02_0_N Comdty,2016-12-26,14.28912
TFT1 N:02_0_N Comdty,2016-12-27,14.21944
TFT1 N:02_0_N Comdty,2016-12-28,14.26137
TFT1 N:02_0_N Comdty,2016-12-29,14.37459
TFT1 N:02_0_N Comdty,2016-12-30,14.26633
TFT1 N:02_0_N Comdty,2017-01-03,14.36143
TFT1 N:02_0_N Comdty,2017-01-04,14.38551
TFT1 N:02_0_N Comdty,2017-01-05,14.30082
TFT1 N:02_0_N Comdty,2017-01-06,14.25388
TFT1 N:02_0_N Comdty,2017-01-09,14.28789
TFT1 N:02_0_N Comdty,2017-01-10,14.32709
TFT1 N:02_0_N Comdty,2017-01-11,14.28632
TFT1 N:02_0_N Comdty,2017-01-12,14.28677
TFT1 N:02_0_N Comdty,2017-01-13,14.26105
TFT1 N:02_0_N Comdty,2017-01-16,14.21779
TFT1 N:02_0_N Comdty,2017-01-17,14.14505
TFT1 N:02_0_N Comdty,2017-01-18,14.16627
TFT1 N:02_0_N Comdty,2017-01-19,14.22364
TFT1 N:02_0_N Comdty,2017-01-20,14.21411
TFT1 N:02_0_N Comdty,2017-01-23,14.18077
TFT1 N:02_0_N Comdty,2017-01-24,14.09271
TFT1 N:02_0_N Comdty,2017-01-25,13.97751
TFT1 N:02_0_N Comdty,2017-01-26,13.93654
TFT1 N:02_0_N Comdty,2017-02-03,13.81926
TFT1 N:02_0_N Comdty,2017-02-06,13.81044
TFT1 N:02_0_N Comdty,2017-02-07,13.8295
TFT1 N:02_0_N Comdty,2017-02-08,13.81764
TFT1 N:02_0_N Comdty,2017-02-09,13.96911
TFT1 N:02_0_N Comdty,2017-02-10,13.99362
TFT1 N:02_0_N Comdty,2017-02-13,14.06707
TFT1 N:02_0_N Comdty,2017-02-14,14.08489
TFT1 N:02_0_N Comdty,2017-02-15,14.09088
TFT1 N:02_0_N Comdty,2017-02-16,14.05263
TFT1 N:02_0_N Comdty,2017-02-17,14.11294
TFT1 N:02_0_N Comdty,2017-02-20,14.21175
TFT1 N:02_0_N Comdty,2017-02-21,14.22826
TFT1 N:02_0_N Comdty,2017-02-22,14.3027
TFT1 N:02_0_N Comdty,2017-02-23,14.2757
TFT1 N:02_0_N Comdty,2017-02-24,14.2944
TFT1 N:02_0_N Comdty,2017-02-27,14.27812
TFT1 N:02_0_N Comdty,2017-02-28,14.00237
TFT1 N:02_0_N Comdty,2017-03-01,13.95227
TFT1 N:02_0_N Comdty,2017-03-02,13.99073
TFT1 N:02_0_N Comdty,2017-03-03,13.91837
TFT1 N:02_0_N Comdty,2017-03-06,13.95168
TFT1 N:02_0_N Comdty,2017-03-07,13.9758
TFT1 N:02_0_N Comdty,2017-03-08,13.92354
TFT1 N:02_0_N Comdty,2017-03-09,13.86388
TFT1 N:02_0_N Comdty,2017-03-10,13.85485
TFT1 N:02_0_N Comdty,2017-03-13,13.89836
TFT1 N:02_0_N Comdty,2017-03-14,13.95816
TFT1 N:02_0_N Comdty,2017-03-15,13.98693
TFT1 N:02_0_N Comdty,2017-03-16,13.92215
TFT1 N:02_0_N Comdty,2017-03-17,13.93294
TFT1 N:02_0_N Comdty,2017-03-20,13.95931
TFT1 N:02_0_N Comdty,2017-03-21,13.90062
TFT1 N:02_0_N Comdty,2017-03-22,13.90133
TFT1 N:02_0_N Comdty,2017-03-23,13.93618
TFT1 N:02_0_N Comdty,2017-03-24,14.0055
TFT1 N:02_0_N Comdty,2017-03-27,13.96337
TFT1 N:02_0_N Comdty,2017-03-28,13.90701
TFT1 N:02_0_N Comdty,2017-03-29,14.04779
TFT1 N:02_0_N Comdty,2017-03-30,14.02014
TFT1 N:02_0_N Comdty,2017-03-31,14.08054
TFT1 N:02_0_N Comdty,2017-04-05,14.09582
TFT1 N:02_0_N Comdty,2017-04-06,14.08612
TFT1 N:02_0_N Comdty,2017-04-07,14.17269
TFT1 N:02_0_N Comdty,2017-04-10,14.13529
TFT1 N:02_0_N Comdty,2017-04-11,14.16705
TFT1 N:02_0_N Comdty,2017-04-12,14.1353
TFT1 N:02_0_N Comdty,2017-04-13,14.13955
TFT1 N:02_0_N Comdty,2017-04-14,14.10313
TFT1 N:02_0_N Comdty,2017-04-17,14.01848
TFT1 N:02_0_N Comdty,2017-04-18,13.95115
TFT1 N:02_0_N Comdty,2017-04-19,13.95873
TFT1 N:02_0_N Comdty,2017-04-20,13.9491
TFT1 N:02_0_N Comdty,2017-04-21,13.88556
TFT1 N:02_0_N Comdty,2017-04-24,13.8232
TFT1 N:02_0_N Comdty,2017-04-25,13.82438
TFT1 N:02_0_N Comdty,2017-04-26,13.84923
TFT1 N:02_0_N Comdty,2017-04-27,13.86304
TFT1 N:02_0_N Comdty,2017-04-28,13.82205
TFT1 N:02_0_N Comdty,2017-05-02,13.81106
TFT1 N:02_0_N Comdty,2017-05-03,13.7638
TFT1 N:02_0_N Comdty,2017-05-04,13.66269
TFT1 N:02_0_N Comdty,2017-05-05,13.62507
TFT1 N:02_0_N Comdty,2017-05-08,13.73017
TFT1 N:02_0_N Comdty,2017-05-09,13.82357
TFT1 N:02_0_N Comdty,2017-05-10,13.76586
TFT1 N:02_0_N Comdty,2017-05-11,13.83319
TFT1 N:02_0_N Comdty,2017-05-12,13.74435
TFT1 N:02_0_N Comdty,2017-05-15,13.73862
TFT1 N:02_0_N Comdty,2017-05-16,13.61111
TFT1 N:02_0_N Comdty,2017-05-17,13.53286
TFT1 N:02_0_N Comdty,2017-05-18,13.50261
TFT1 N:02_0_N Comdty,2017-05-19,13.45014
TFT1 N:02_0_N Comdty,2017-05-22,13.3792
TFT1 N:02_0_N Comdty,2017-05-23,13.38146
TFT1 N:02_0_N Comdty,2017-05-24,13.43015
TFT1 N:02_0_N Comdty,2017-05-25,13.38967
TFT1 N:02_0_N Comdty,2017-05-26,13.4
TFT1 N:02_0_N Comdty,2017-05-31,13.44256
TFT1 N:02_0_N Comdty,2017-06-01,13.52665
TFT1 N:02_0_N Comdty,2017-06-02,13.42017
TFT1 N:02_0_N Comdty,2017-06-05,13.51318
TFT1 N:02_0_N Comdty,2017-06-06,13.45588
TFT1 N:02_0_N Comdty,2017-06-07,13.48722
TFT1 N:02_0_N Comdty,2017-06-08,13.5191
TFT1 N:02_0_N Comdty,2017-06-09,13.55853
TFT1 N:02_0_N Comdty,2017-06-12,13.60003
TFT1 N:02_0_N Comdty,2017-06-13,13.6076
TFT1 N:02_0_N Comdty,2017-06-14,13.62833
TFT1 N:02_0_N Comdty,2017-06-15,13.67212
TFT1 N:02_0_N Comdty,2017-06-16,13.66324
TFT1 N:02_0_N Comdty,2017-06-19,13.72871
TFT1 N:02_0_N Comdty,2017-06-20,13.73343
TFT1 N:02_0_N Comdty,2017-06-21,13.65015
TFT1 N:02_0_N Comdty,2017-06-22,13.59221
TFT1 N:02_0_N Comdty,2017-06-23,13.55997
TFT1 N:02_0_N Comdty,2017-06-26,13.62792
TFT1 N:02_0_N Comdty,2017-06-27,13.54406
TFT1 N:02_0_N Comdty,2017-06-28,13.49757
TFT1 N:02_0_N Comdty,2017-06-29,13.44126
TFT1 N:02_0_N Comdty,2017-06-30,13.50093
TFT1 N:02_0_N Comdty,2017-07-03,13.4975
TFT1 N:02_0_N Comdty,2017-07-04,13.47859
TFT1 N:02_0_N Comdty,2017-07-05,13.52814
TFT1 N:02_0_N Comdty,2017-07-06,13.51314
TFT1 N:02_0_N Comdty,2017-07-07,13.51044
TFT1 N:02_0_N Comdty,2017-07-10,13.52335
TFT1 N:02_0_N Comdty,2017-07-11,13.54159
TFT1 N:02_0_N Comdty,2017-07-12,13.55582
TFT1 N:02_0_N Comdty,2017-07-13,13.61574
TFT1 N:02_0_N Comdty,2017-07-14,13.60046
TFT1 N:02_0_N Comdty,2017-07-17,13.56525
TFT1 N:02_0_N Comdty,2017-07-18,13.45327
TFT1 N:02_0_N Comdty,2017-07-19,13.45877
TFT1 N:02_0_N Comdty,2017-07-20,13.44095
TFT1 N:02_0_N Comdty,2017-07-21,13.35482
TFT1 N:02_0_N Comdty,2017-07-24,13.36236
TFT1 N:02_0_N Comdty,2017-07-25,13.38343
TFT1 N:02_0_N Comdty,2017-07-26,13.47892
TFT1 N:02_0_N Comdty,2017-07-27,13.61477
TFT1 N:02_0_N Comdty,2017-07-28,13.66972
TFT1 N:02_0_N Comdty,2017-07-31,13.6141
TFT1 N:02_0_N Comdty,2017-08-01,13.57634
TFT1 N:02_0_N Comdty,2017-08-02,13.65405
TFT1 N:02_0_N Comdty,2017-08-03,13.67492
TFT1 N:02_0_N Comdty,2017-08-04,13.70779
TFT1 N:02_0_N Comdty,2017-08-07,13.67947
TFT1 N:02_0_N Comdty,2017-08-08,13.73696
TFT1 N:02_0_N Comdty,2017-08-09,13.65308
TFT1 N:02_0_N Comdty,2017-08-10,13.71205
TFT1 N:02_0_N Comdty,2017-08-11,13.69563
TFT1 N:02_0_N Comdty,2017-08-14,13.82587
TFT1 N:02_0_N Comdty,2017-08-15,13.8441
TFT1 N:02_0_N Comdty,2017-08-16,13.84008
TFT1 N:02_0_N Comdty,2017-08-17,13.70391
TFT1 N:02_0_N Comdty,2017-08-18,13.76165
TFT1 N:02_0_N Comdty,2017-08-21,13.69859
TFT1 N:02_0_N Comdty,2017-08-22,13.75477
TFT1 N:02_0_N Comdty,2017-08-23,13.74243
TFT1 N:02_0_N Comdty,2017-08-24,13.69363
TFT1 N:02_0_N Comdty,2017-08-25,13.60543
TFT1 N:02_0_N Comdty,2017-08-28,13.60341
TFT1 N:02_0_N Comdty,2017-08-29,13.58947
TFT1 N:02_0_N Comdty,2017-08-30,13.7646
TFT1 N:02_0_N Comdty,2017-08-31,13.82999
TFT1 N:02_0_N Comdty,2017-09-01,13.93663
TFT1 N:02_0_N Comdty,2017-09-04,13.91016
TFT1 N:02_0_N Comdty,2017-09-05,13.82083
TFT1 N:02_0_N Comdty,2017-09-06,13.87422
TFT1 N:02_0_N Comdty,2017-09-07,13.93429
TFT1 N:02_0_N Comdty,2017-09-08,13.89251
TFT1 N:02_0_N Comdty,2017-09-11,13.88116
TFT1 N:02_0_N Comdty,2017-09-12,13.99177
TFT1 N:02_0_N Comdty,2017-09-13,14.00781
TFT1 N:02_0_N Comdty,2017-09-14,14.0547
TFT1 N:02_0_N Comdty,2017-09-15,13.99304
TFT1 N:02_0_N Comdty,2017-09-18,13.93868
TFT1 N:02_0_N Comdty,2017-09-19,13.95686
TFT1 N:02_0_N Comdty,2017-09-20,13.91599
TFT1 N:02_0_N Comdty,2017-09-21,14.04485
TFT1 N:02_0_N Comdty,2017-09-22,14.01788
TFT1 N:02_0_N Comdty,2017-09-25,13.91651
TFT1 N:02_0_N Comdty,2017-09-26,13.94639
TFT1 N:02_0_N Comdty,2017-09-27,13.94623
TFT1 N:02_0_N Comdty,2017-09-28,13.89856
TFT1 N:02_0_N Comdty,2017-09-29,13.90934
TFT1 N:02_0_N Comdty,2017-10-09,14.05734
TFT1 N:02_0_N Comdty,2017-10-10,14.06764
TFT1 N:02_0_N Comdty,2017-10-11,14.04791
TFT1 N:02_0_N Comdty,2017-10-12,14.04913
TFT1 N:02_0_N Comdty,2017-10-13,14.04884
TFT1 N:02_0_N Comdty,2017-10-16,13.952
TFT1 N:02_0_N Comdty,2017-10-17,13.96735
TFT1 N:02_0_N Comdty,2017-10-18,13.95709
TFT1 N:02_0_N Comdty,2017-10-19,13.92167
TFT1 N:02_0_N Comdty,2017-10-20,14.00271
TFT1 N:02_0_N Comdty,2017-10-23,14.01913
TFT1 N:02_0_N Comdty,2017-10-24,14.04934
TFT1 N:02_0_N Comdty,2017-10-25,13.94935
TFT1 N:02_0_N Comdty,2017-10-26,14.06246
TFT1 N:02_0_N Comdty,2017-10-27,14.03226
TFT1 N:02_0_N Comdty,2017-10-30,13.85946
TFT1 N:02_0_N Comdty,2017-10-31,13.93945
TFT1 N:02_0_N Comdty,2017-11-01,14.09286
TFT1 N:02_0_N Comdty,2017-11-02,14.03584
TFT1 N:02_0_N Comdty,2017-11-03,14.03616
TFT1 N:02_0_N Comdty,2017-11-06,14.03841
TFT1 N:02_0_N Comdty,2017-11-07,13.97369
TFT1 N:02_0_N Comdty,2017-11-08,14.02452
TFT1 N:02_0_N Comdty,2017-11-09,13.88222
TFT1 N:02_0_N Comdty,2017-11-10,13.88739
TFT1 N:02_0_N Comdty,2017-11-13,13.82614
TFT1 N:02_0_N Comdty,2017-11-14,13.75383
TFT1 N:02_0_N Comdty,2017-11-15,13.78917
TFT1 N:02_0_N Comdty,2017-11-16,13.87528
TFT1 N:02_0_N Comdty,2017-11-17,13.82341
TFT1 N:02_0_N Comdty,2017-11-20,13.78761
TFT1 N:02_0_N Comdty,2017-11-21,13.80597
TFT1 N:02_0_N Comdty,2017-11-22,13.67389
TFT1 N:02_0_N Comdty,2017-11-23,13.68813
TFT1 N:02_0_N Comdty,2017-11-24,13.6995
TFT1 N:02_0_N Comdty,2017-11-27,13.70951
TFT1 N:02_0_N Comdty,2017-11-28,13.69791
TFT1 N:02_0_N Comdty,2017-11-29,13.73246
TFT1 N:02_0_N Comdty,2017-11-30,13.85682
TFT1 N:02_0_N Comdty,2017-12-01,13.76354
TFT1 N:02_0_N Comdty,2017-12-04,13.88153
TFT1 N:02_0_N Comdty,2017-12-05,13.89606
TFT1 N:02_0_N Comdty,2017-12-06,13.93103
TFT1 N:02_0_N Comdty,2017-12-07,13.94158
TFT1 N:02_0_N Comdty,2017-12-08,13.93186
TFT1 N:02_0_N Comdty,2017-12-11,13.86724
TFT1 N:02_0_N Comdty,2017-12-12,13.855
TFT1 N:02_0_N Comdty,2017-12-13,13.81009
TFT1 N:02_0_N Comdty,2017-12-14,13.87358
TFT1 N:02_0_N Comdty,2017-12-15,13.95611
TFT1 N:02_0_N Comdty,2017-12-18,13.84984
TFT1 N:02_0_N Comdty,2017-12-19,13.86927
TFT1 N:02_0_N Comdty,2017-12-20,13.93784
TFT1 N:02_0_N Comdty,2017-12-21,13.97223
TFT1 N:02_0_N Comdty,2017-12-22,14.04631
TFT1 N:02_0_N Comdty,2017-12-25,14.08919
TFT1 N:02_0_N Comdty,2017-12-26,14.05228
TFT1 N:02_0_N Comdty,2017-12-27,13.99568
TFT1 N:02_0_N Comdty,2017-12-28,13.94512
TFT1 N:02_0_N Comdty,2017-12-29,13.94181
TFT1 N:02_0_N Comdty,2018-01-02,13.89842
TFT1 N:02_0_N Comdty,2018-01-03,13.90912
TFT1 N:02_0_N Comdty,2018-01-04,13.86758
TFT1 N:02_0_N Comdty,2018-01-05,13.90228
TFT1 N:02_0_N Comdty,2018-01-08,13.92228
TFT1 N:02_0_N Comdty,2018-01-09,13.95595
TFT1 N:02_0_N Comdty,2018-01-10,13.89226
TFT1 N:02_0_N Comdty,2018-01-11,13.82859
TFT1 N:02_0_N Comdty,2018-01-12,13.87399
TFT1 N:02_0_N Comdty,2018-01-15,13.75519
TFT1 N:02_0_N Comdty,2018-01-16,13.73903
TFT1 N:02_0_N Comdty,2018-01-17,13.70117
TFT1 N:02_0_N Comdty,2018-01-18,13.68546
TFT1 N:02_0_N Comdty,2018-01-19,13.74783
TFT1 N:02_0_N Comdty,2018-01-22,13.79979
TFT1 N:02_0_N Comdty,2018-01-23,13.7369
TFT1 N:02_0_N Comdty,2018-01-24,13.62423
TFT1 N:02_0_N Comdty,2018-01-25,13.57926
TFT1 N:02_0_N Comdty,2018-01-26,13.59006
TFT1 N:02_0_N Comdty,2018-01-29,13.59092
TFT1 N:02_0_N Comdty,2018-01-30,13.5691
TFT1 N:02_0_N Comdty,2018-01-31,13.63675
TFT1 N:02_0_N Comdty,2018-02-01,13.58927
TFT1 N:02_0_N Comdty,2018-02-02,13.57451
TFT1 N:02_0_N Comdty,2018-02-05,13.64709
TFT1 N:02_0_N Comdty,2018-02-06,13.74714
TFT1 N:02_0_N Comdty,2018-02-07,13.86582
TFT1 N:02_0_N Comdty,2018-02-08,13.60688
TFT1 N:02_0_N Comdty,2018-02-09,13.71854
TFT1 N:02_0_N Comdty,2018-02-12,13.6542
TFT1 N:02_0_N Comdty,2018-02-13,13.56072
TFT1 N:02_0_N Comdty,2018-02-14,13.47304
TFT1 N:02_0_N Comdty,2018-02-22,13.48491
TFT1 N:02_0_N Comdty,2018-02-23,13.54673
TFT1 N:02_0_N Comdty,2018-02-26,13.70304
TFT1 N:02_0_N Comdty,2018-02-27,13.76818
TFT1 N:02_0_N Comdty,2018-02-28,13.82517
TFT1 N:02_0_N Comdty,2018-03-01,13.79692
TFT1 N:02_0_N Comdty,2018-03-02,13.6946
TFT1 N:02_0_N Comdty,2018-03-05,13.71074
TFT1 N:02_0_N Comdty,2018-03-06,13.84292
TFT1 N:02_0_N Comdty,2018-03-07,13.86941
TFT1 N:02_0_N Comdty,2018-03-08,13.91533
TFT1 N:02_0_N Comdty,2018-03-09,13.93645
TFT1 N:02_0_N Comdty,2018-03-12,13.91742
TFT1 N:02_0_N Comdty,2018-03-13,13.84022
TFT1 N:02_0_N Comdty,2018-03-14,13.86654
TFT1 N:02_0_N Comdty,2018-03-15,13.91876
TFT1 N:02_0_N Comdty,2018-03-16,13.96397
TFT1 N:02_0_N Comdty,2018-03-19,13.94612
TFT1 N:02_0_N Comdty,2018-03-20,14.0394
TFT1 N:02_0_N Comdty,2018-03-21,14.03836
TFT1 N:02_0_N Comdty,2018-03-22,14.02055
TFT1 N:02_0_N Comdty,2018-03-23,14.09466
TFT1 N:02_0_N Comdty,2018-03-26,14.09307
TFT1 N:02_0_N Comdty,2018-03-27,14.10562
TFT1 N:02_0_N Comdty,2018-03-28,14.21812
TFT1 N:02_0_N Comdty,2018-03-29,14.21188
TFT1 N:02_0_N Comdty,2018-03-30,14.20856
TFT1 N:02_0_N Comdty,2018-04-02,14.25891
TFT1 N:02_0_N Comdty,2018-04-03,14.22878
TFT1 N:02_0_N Comdty,2018-04-04,14.21853
TFT1 N:02_0_N Comdty,2018-04-09,14.2263
TFT1 N:02_0_N Comdty,2018-04-10,14.20788
TFT1 N:02_0_N Comdty,2018-04-11,14.33215
TFT1 N:02_0_N Comdty,2018-04-12,14.30965
TFT1 N:02_0_N Comdty,2018-04-13,14.34757
TFT1 N:02_0_N Comdty,2018-04-16,14.36537
TFT1 N:02_0_N Comdty,2018-04-17,14.46921
TFT1 N:02_0_N Comdty,2018-04-18,14.70988
TFT1 N:02_0_N Comdty,2018-04-19,14.70704
TFT1 N:02_0_N Comdty,2018-04-20,14.72464
TFT1 N:02_0_N Comdty,2018-04-23,14.68211
TFT1 N:02_0_N Comdty,2018-04-24,14.63079
TFT1 N:02_0_N Comdty,2018-04-25,14.67546
TFT1 N:02_0_N Comdty,2018-04-26,14.74183
TFT1 N:02_0_N Comdty,2018-04-27,14.74315
TFT1 N:02_0_N Comdty,2018-05-02,14.80883
TFT1 N:02_0_N Comdty,2018-05-03,14.85935
TFT1 N:02_0_N Comdty,2018-05-04,14.87986
TFT1 N:02_0_N Comdty,2018-05-07,14.86583
TFT1 N:02_0_N Comdty,2018-05-08,14.79045
TFT1 N:02_0_N Comdty,2018-05-09,14.83358
TFT1 N:02_0_N Comdty,2018-05-10,14.86207
TFT1 N:02_0_N Comdty,2018-05-11,14.85698
TFT1 N:02_0_N Comdty,2018-05-14,14.81839
TFT1 N:02_0_N Comdty,2018-05-15,14.69026
TFT1 N:02_0_N Comdty,2018-05-16,14.76515
TFT1 N:02_0_N Comdty,2018-05-17,14.77127
TFT1 N:02_0_N Comdty,2018-05-18,14.69261
TFT1 N:02_0_N Comdty,2018-05-21,14.70752
TFT1 N:02_0_N Comdty,2018-05-22,14.71587
TFT1 N:02_0_N Comdty,2018-05-23,14.7126
TFT1 N:02_0_N Comdty,2018-05-24,14.68266
TFT1 N:02_0_N Comdty,2018-05-25,14.75855
TFT1 N:02_0_N Comdty,2018-05-28,14.72877
TFT1 N:02_0_N Comdty,2018-05-29,14.67109
TFT1 N:02_0_N Comdty,2018-05-30,14.67953
TFT1 N:02_0_N Comdty,2018-05-31,14.56994
TFT1 N:02_0_N Comdty,2018-06-01,14.59594
TFT1 N:02_0_N Comdty,2018-06-04,14.61108
TFT1 N:02_0_N Comdty,2018-06-05,14.51567
TFT1 N:02_0_N Comdty,2018-06-06,14.56022
TFT1 N:02_0_N Comdty,2018-06-07,14.51519
TFT1 N:02_0_N Comdty,2018-06-08,14.56948
TFT1 N:02_0_N Comdty,2018-06-11,14.60045
TFT1 N:02_0_N Comdty,2018-06-12,14.54227
TFT1 N:02_0_N Comdty,2018-06-13,14.52743
TFT1 N:02_0_N Comdty,2018-06-14,14.75751
TFT1 N:02_0_N Comdty,2018-06-15,14.75318
TFT1 N:02_0_N Comdty,2018-06-19,14.6929
TFT1 N:02_0_N Comdty,2018-06-20,14.60015
TFT1 N:02_0_N Comdty,2018-06-21,14.54267
TFT1 N:02_0_N Comdty,2018-06-22,14.51441
TFT1 N:02_0_N Comdty,2018-06-25,14.34603
TFT1 N:02_0_N Comdty,2018-06-26,14.35828
TFT1 N:02_0_N Comdty,2018-06-27,14.45919
TFT1 N:02_0_N Comdty,2018-06-28,14.40208
TFT1 N:02_0_N Comdty,2018-06-29,14.37179
TFT1 N:02_0_N Comdty,2018-07-02,14.28436
TFT1 N:02_0_N Comdty,2018-07-03,14.35651
TFT1 N:02_0_N Comdty,2018-07-04,14.31943
TFT1 N:02_0_N Comdty,2018-07-05,14.31767
TFT1 N:02_0_N Comdty,2018-07-06,14.24531
TFT1 N:02_0_N Comdty,2018-07-09,14.32193
TFT1 N:02_0_N Comdty,2018-07-10,14.21215
TFT1 N:02_0_N Comdty,2018-07-11,14.27156
TFT1 N:02_0_N Comdty,2018-07-12,14.40756
TFT1 N:02_0_N Comdty,2018-07-13,14.30236
TFT1 N:02_0_N Comdty,2018-07-16,14.34369
TFT1 N:02_0_N Comdty,2018-07-17,14.34787
TFT1 N:02_0_N Comdty,2018-07-18,14.15648
TFT1 N:02_0_N Comdty,2018-07-19,14.1703
TFT1 N:02_0_N Comdty,2018-07-20,14.05165
TFT1 N:02_0_N Comdty,2018-07-23,13.96632
TFT1 N:02_0_N Comdty,2018-07-24,13.9539
TFT1 N:02_0_N Comdty,2018-07-25,14.0085
TFT1 N:02_0_N Comdty,2018-07-26,13.96784
TFT1 N:02_0_N Comdty,2018-07-27,13.93044
TFT1 N:02_0_N Comdty,2018-07-30,13.85486
TFT1 N:02_0_N Comdty,2018-07-31,13.9005
TFT1 N:02_0_N Comdty,2018-08-01,13.94517
TFT1 N:02_0_N Comdty,2018-08-02,13.94269
TFT1 N:02_0_N Comdty,2018-08-03,13.94186
TFT1 N:02_0_N Comdty,2018-08-06,13.9619
TFT1 N:02_0_N Comdty,2018-08-07,13.96749
TFT1 N:02_0_N Comdty,2018-08-08,13.89878
TFT1 N:02_0_N Comdty,2018-08-09,13.8481
TFT1 N:02_0_N Comdty,2018-08-10,13.83641
TFT1 N:02_0_N Comdty,2018-08-13,13.69219
TFT1 N:02_0_N Comdty,2018-08-14,13.73411
TFT1 N:02_0_N Comdty,2018-08-15,13.62973
TFT1 N:02_0_N Comdty,2018-08-16,13.71994
TFT1 N:02_0_N Comdty,2018-08-17,13.66252
TFT1 N:02_0_N Comdty,2018-08-20,13.70023
TFT1 N:02_0_N Comdty,2018-08-21,13.62274
TFT1 N:02_0_N Comdty,2018-08-22,13.61283
TFT1 N:02_0_N Comdty,2018-08-23,13.52414
TFT1 N:02_0_N Comdty,2018-08-24,13.6452
TFT1 N:02_0_N Comdty,2018-08-27,13.58877
TFT1 N:02_0_N Comdty,2018-08-28,13.58631
TFT1 N:02_0_N Comdty,2018-08-29,13.50454
TFT1 N:02_0_N Comdty,2018-08-30,13.49263
TFT1 N:02_0_N Comdty,2018-08-31,13.52653
TFT1 N:02_0_N Comdty,2018-09-03,13.4711
TFT1 N:02_0_N Comdty,2018-09-04,13.48092
TFT1 N:02_0_N Comdty,2018-09-05,13.46148
TFT1 N:02_0_N Comdty,2018-09-06,13.39693
TFT1 N:02_0_N Comdty,2018-09-07,13.37292
TFT1 N:02_0_N Comdty,2018-09-10,13.412
TFT1 N:02_0_N Comdty,2018-09-11,13.31632
TFT1 N:02_0_N Comdty,2018-09-12,13.32146
TFT1 N:02_0_N Comdty,2018-09-13,13.31203
TFT1 N:02_0_N Comdty,2018-09-14,13.28773
TFT1 N:02_0_N Comdty,2018-09-17,13.2305
TFT1 N:02_0_N Comdty,2018-09-18,13.23527
TFT1 N:02_0_N Comdty,2018-09-19,13.28559
TFT1 N:02_0_N Comdty,2018-09-20,13.18141
TFT1 N:02_0_N Comdty,2018-09-21,13.15766
TFT1 N:02_0_N Comdty,2018-09-25,13.21662
TFT1 N:02_0_N Comdty,2018-09-26,13.25112
TFT1 N:02_0_N Comdty,2018-09-27,13.4325
TFT1 N:02_0_N Comdty,2018-09-28,13.47527
TFT1 N:02_0_N Comdty,2018-10-08,13.56878
TFT1 N:02_0_N Comdty,2018-10-09,13.58055
TFT1 N:02_0_N Comdty,2018-10-10,13.56275
TFT1 N:02_0_N Comdty,2018-10-11,13.69617
TFT1 N:02_0_N Comdty,2018-10-12,13.6141
TFT1 N:02_0_N Comdty,2018-10-15,13.56485
TFT1 N:02_0_N Comdty,2018-10-16,13.6279
TFT1 N:02_0_N Comdty,2018-10-17,13.63825
TFT1 N:02_0_N Comdty,2018-10-18,13.68444
TFT1 N:02_0_N Comdty,2018-10-19,13.70002
TFT1 N:02_0_N Comdty,2018-10-22,13.64764
TFT1 N:02_0_N Comdty,2018-10-23,13.66588
TFT1 N:02_0_N Comdty,2018-10-24,13.71544
TFT1 N:02_0_N Comdty,2018-10-25,13.746
TFT1 N:02_0_N Comdty,2018-10-26,13.74121
TFT1 N:02_0_N Comdty,2018-10-29,13.77988
TFT1 N:02_0_N Comdty,2018-10-30,13.80376
TFT1 N:02_0_N Comdty,2018-10-31,13.86026
TFT1 N:02_0_N Comdty,2018-11-01,13.87621
TFT1 N:02_0_N Comdty,2018-11-02,13.91218
TFT1 N:02_0_N Comdty,2018-11-05,13.86899
TFT1 N:02_0_N Comdty,2018-11-06,13.89616
TFT1 N:02_0_N Comdty,2018-11-07,13.8594
TFT1 N:02_0_N Comdty,2018-11-08,13.92167
TFT1 N:02_0_N Comdty,2018-11-09,13.88671
TFT1 N:02_0_N Comdty,2018-11-12,13.89702
TFT1 N:02_0_N Comdty,2018-11-13,13.92933
TFT1 N:02_0_N Comdty,2018-11-14,13.9844
TFT1 N:02_0_N Comdty,2018-11-15,14.00157
TFT1 N:02_0_N Comdty,2018-11-16,13.97372
TFT1 N:02_0_N Comdty,2018-11-19,13.84811
TFT1 N:02_0_N Comdty,2018-11-20,13.8584
TFT1 N:02_0_N Comdty,2018-11-21,13.88655
TFT1 N:02_0_N Comdty,2018-11-22,13.87646
TFT1 N:02_0_N Comdty,2018-11-23,13.89041
TFT1 N:02_0_N Comdty,2018-11-26,13.87755
TFT1 N:02_0_N Comdty,2018-11-27,13.89397
TFT1 N:02_0_N Comdty,2018-11-28,13.8483
TFT1 N:02_0_N Comdty,2018-11-29,13.91695
TFT1 N:02_0_N Comdty,2018-11-30,13.88382
TFT1 N:02_0_N Comdty,2018-12-03,14.03102
TFT1 N:02_0_N Comdty,2018-12-04,14.16793
TFT1 N:02_0_N Comdty,2018-12-05,14.12132
TFT1 N:02_0_N Comdty,2018-12-06,14.0069
TFT1 N:02_0_N Comdty,2018-12-07,14.0098
TFT1 N:02_0_N Comdty,2018-12-10,13.93517
TFT1 N:02_0_N Comdty,2018-12-11,14.00654
TFT1 N:02_0_N Comdty,2018-12-12,14.03293
TFT1 N:02_0_N Comdty,2018-12-13,13.97973
TFT1 N:02_0_N Comdty,2018-12-14,13.94264
TFT1 N:02_0_N Comdty,2018-12-17,13.87474
TFT1 N:02_0_N Comdty,2018-12-18,13.89159
TFT1 N:02_0_N Comdty,2018-12-19,13.90937
TFT1 N:02_0_N Comdty,2018-12-20,13.93101
TFT1 N:02_0_N Comdty,2018-12-21,13.94071
TFT1 N:02_0_N Comdty,2018-12-24,13.87095
TFT1 N:02_0_N Comdty,2018-12-25,13.89685
TFT1 N:02_0_N Comdty,2018-12-26,14.03777
TFT1 N:02_0_N Comdty,2018-12-27,13.99778
TFT1 N:02_0_N Comdty,2018-12-28,13.98698
TFT1 N:02_0_N Comdty,2019-01-02,14.15292
TFT1 N:02_0_N Comdty,2019-01-03,14.11545
TFT1 N:02_0_N Comdty,2019-01-04,14.05188
TFT1 N:02_0_N Comdty,2019-01-07,14.01481
TFT1 N:02_0_N Comdty,2019-01-08,14.08257
TFT1 N:02_0_N Comdty,2019-01-09,14.06452
TFT1 N:02_0_N Comdty,2019-01-10,14.19222
TFT1 N:02_0_N Comdty,2019-01-11,14.24345
TFT1 N:02_0_N Comdty,2019-01-14,14.16909
TFT1 N:02_0_N Comdty,2019-01-15,14.29164
TFT1 N:02_0_N Comdty,2019-01-16,14.3911
TFT1 N:02_0_N Comdty,2019-01-17,14.42914
TFT1 N:02_0_N Comdty,2019-01-18,14.4145
TFT1 N:02_0_N Comdty,2019-01-21,14.3678
TFT1 N:02_0_N Comdty,2019-01-22,14.35483
TFT1 N:02_0_N Comdty,2019-01-23,14.32907
TFT1 N:02_0_N Comdty,2019-01-24,14.36693
TFT1 N:02_0_N Comdty,2019-01-25,14.37548
TFT1 N:02_0_N Comdty,2019-01-28,14.35914
TFT1 N:02_0_N Comdty,2019-01-29,14.47291
TFT1 N:02_0_N Comdty,2019-01-30,14.57111
TFT1 N:02_0_N Comdty,2019-01-31,14.54347
TFT1 N:02_0_N Comdty,2019-02-01,14.44809
TFT1 N:02_0_N Comdty,2019-02-11,14.54963
TFT1 N:02_0_N Comdty,2019-02-12,14.60382
TFT1 N:02_0_N Comdty,2019-02-13,14.64199
TFT1 N:02_0_N Comdty,2019-02-14,14.52869
TFT1 N:02_0_N Comdty,2019-02-15,14.56751
TFT1 N:02_0_N Comdty,2019-02-18,14.5168
TFT1 N:02_0_N Comdty,2019-02-19,14.51414
TFT1 N:02_0_N Comdty,2019-02-20,14.5696
TFT1 N:02_0_N Comdty,2019-02-21,14.61958
TFT1 N:02_0_N Comdty,2019-02-22,14.59616
TFT1 N:02_0_N Comdty,2019-02-25,14.66697
TFT1 N:02_0_N Comdty,2019-02-26,14.59658
TFT1 N:02_0_N Comdty,2019-02-27,14.69269
TFT1 N:02_0_N Comdty,2019-02-28,14.45054
TFT1 N:02_0_N Comdty,2019-03-01,14.42541
TFT1 N:02_0_N Comdty,2019-03-04,14.46615
TFT1 N:02_0_N Comdty,2019-03-05,14.55407
TFT1 N:02_0_N Comdty,2019-03-06,14.55067
TFT1 N:02_0_N Comdty,2019-03-07,14.69127
TFT1 N:02_0_N Comdty,2019-03-08,14.65641
TFT1 N:02_0_N Comdty,2019-03-11,14.68834
TFT1 N:02_0_N Comdty,2019-03-12,14.68097
TFT1 N:02_0_N Comdty,2019-03-13,14.65006
TFT1 N:02_0_N Comdty,2019-03-14,14.58159
TFT1 N:02_0_N Comdty,2019-03-15,14.58986
TFT1 N:02_0_N Comdty,2019-03-18,14.55159
TFT1 N:02_0_N Comdty,2019-03-19,14.50961
TFT1 N:02_0_N Comdty,2019-03-20,14.51437
TFT1 N:02_0_N Comdty,2019-03-21,14.48357
TFT1 N:02_0_N Comdty,2019-03-22,14.47172
TFT1 N:02_0_N Comdty,2019-03-25,14.50283
TFT1 N:02_0_N Comdty,2019-03-26,14.51777
TFT1 N:02_0_N Comdty,2019-03-27,14.49503
TFT1 N:02_0_N Comdty,2019-03-28,14.4783
TFT1 N:02_0_N Comdty,2019-03-29,14.52214
TFT1 N:02_0_N Comdty,2019-04-01,14.50976
TFT1 N:02_0_N Comdty,2019-04-02,14.44378
TFT1 N:02_0_N Comdty,2019-04-03,14.37169
TFT1 N:02_0_N Comdty,2019-04-04,14.37264
TFT1 N:02_0_N Comdty,2019-04-08,14.38006
TFT1 N:02_0_N Comdty,2019-04-09,14.38432
TFT1 N:02_0_N Comdty,2019-04-10,14.4216
TFT1 N:02_0_N Comdty,2019-04-11,14.45673
TFT1 N:02_0_N Comdty,2019-04-12,14.45638
TFT1 N:02_0_N Comdty,2019-04-15,14.41721
TFT1 N:02_0_N Comdty,2019-04-16,14.43475
TFT1 N:02_0_N Comdty,2019-04-17,14.56169
TFT1 N:02_0_N Comdty,2019-04-18,14.60405
TFT1 N:02_0_N Comdty,2019-04-19,14.59165
TFT1 N:02_0_N Comdty,2019-04-22,14.56747
TFT1 N:02_0_N Comdty,2019-04-23,14.62301
TFT1 N:02_0_N Comdty,2019-04-24,14.57427
TFT1 N:02_0_N Comdty,2019-04-25,14.55369
TFT1 N:02_0_N Comdty,2019-04-26,14.59227
TFT1 N:02_0_N Comdty,2019-04-29,14.57376
TFT1 N:02_0_N Comdty,2019-04-30,14.61088
TFT1 N:02_0_N Comdty,2019-05-06,14.55764
TFT1 N:02_0_N Comdty,2019-05-07,14.58513
TFT1 N:02_0_N Comdty,2019-05-08,14.56653
TFT1 N:02_0_N Comdty,2019-05-09,14.41251
TFT1 N:02_0_N Comdty,2019-05-10,14.39033
TFT1 N:02_0_N Comdty,2019-05-13,14.23968
TFT1 N:02_0_N Comdty,2019-05-14,14.27446
TFT1 N:02_0_N Comdty,2019-05-15,14.2828
TFT1 N:02_0_N Comdty,2019-05-16,14.27394
TFT1 N:02_0_N Comdty,2019-05-17,14.23014
TFT1 N:02_0_N Comdty,2019-05-20,14.21215
TFT1 N:02_0_N Comdty,2019-05-21,14.23148
TFT1 N:02_0_N Comdty,2019-05-22,14.1808
TFT1 N:02_0_N Comdty,2019-05-23,14.13439
TFT1 N:02_0_N Comdty,2019-05-24,14.12868
TFT1 N:02_0_N Comdty,2019-05-27,14.09382
TFT1 N:02_0_N Comdty,2019-05-28,14.18473
TFT1 N:02_0_N Comdty,2019-05-29,14.19248
TFT1 N:02_0_N Comdty,2019-05-30,14.23381
TFT1 N:02_0_N Comdty,2019-05-31,14.14683
TFT1 N:02_0_N Comdty,2019-06-03,14.03913
TFT1 N:02_0_N Comdty,2019-06-04,14.00366
TFT1 N:02_0_N Comdty,2019-06-05,14.01645
TFT1 N:02_0_N Comdty,2019-06-06,13.95336
TFT1 N:02_0_N Comdty,2019-06-10,13.90742
TFT1 N:02_0_N Comdty,2019-06-11,13.9348
TFT1 N:02_0_N Comdty,2019-06-12,13.97611
TFT1 N:02_0_N Comdty,2019-06-13,13.99348
TFT1 N:02_0_N Comdty,2019-06-14,14.07391
TFT1 N:02_0_N Comdty,2019-06-17,14.08257
TFT1 N:02_0_N Comdty,2019-06-18,14.11148
TFT1 N:02_0_N Comdty,2019-06-19,14.04624
TFT1 N:02_0_N Comdty,2019-06-20,13.94854
TFT1 N:02_0_N Comdty,2019-06-21,13.8787
TFT1 N:02_0_N Comdty,2019-06-24,13.7666
TFT1 N:02_0_N Comdty,2019-06-25,13.81832
TFT1 N:02_0_N Comdty,2019-06-26,13.81553
TFT1 N:02_0_N Comdty,2019-06-27,13.8081
TFT1 N:02_0_N Comdty,2019-06-28,13.87005
TFT1 N:02_0_N Comdty,2019-07-01,14.06301
TFT1 N:02_0_N Comdty,2019-07-02,14.04554
TFT1 N:02_0_N Comdty,2019-07-03,14.08742
TFT1 N:02_0_N Comdty,2019-07-04,14.07726
TFT1 N:02_0_N Comdty,2019-07-05,14.11884
TFT1 N:02_0_N Comdty,2019-07-08,14.13763
TFT1 N:02_0_N Comdty,2019-07-09,14.14575
TFT1 N:02_0_N Comdty,2019-07-10,14.12604
TFT1 N:02_0_N Comdty,2019-07-11,14.14062
TFT1 N:02_0_N Comdty,2019-07-12,14.04396
TFT1 N:02_0_N Comdty,2019-07-15,14.0336
TFT1 N:02_0_N Comdty,2019-07-16,14.08727
TFT1 N:02_0_N Comdty,2019-07-17,14.09123
TFT1 N:02_0_N Comdty,2019-07-18,14.09539
TFT1 N:02_0_N Comdty,2019-07-19,14.01328
TFT1 N:02_0_N Comdty,2019-07-22,14.02692
TFT1 N:02_0_N Comdty,2019-07-23,14.08206
TFT1 N:02_0_N Comdty,2019-07-24,14.07254
TFT1 N:02_0_N Comdty,2019-07-25,14.16073
TFT1 N:02_0_N Comdty,2019-07-26,14.1936
TFT1 N:02_0_N Comdty,2019-07-29,14.11354
TFT1 N:02_0_N Comdty,2019-07-30,14.11833
TFT1 N:02_0_N Comdty,2019-07-31,14.1442
TFT1 N:02_0_N Comdty,2019-08-01,14.16018
TFT1 N:02_0_N Comdty,2019-08-02,13.96549
TFT1 N:02_0_N Comdty,2019-08-05,13.65076
TFT1 N:02_0_N Comdty,2019-08-06,13.76834
TFT1 N:02_0_N Comdty,2019-08-07,13.64129
TFT1 N:02_0_N Comdty,2019-08-08,13.72868
TFT1 N:02_0_N Comdty,2019-08-09,13.67093
TFT1 N:02_0_N Comdty,2019-08-12,13.63787
TFT1 N:02_0_N Comdty,2019-08-13,13.75473
TFT1 N:02_0_N Comdty,2019-08-14,13.75611
TFT1 N:02_0_N Comdty,2019-08-15,13.77928
TFT1 N:02_0_N Comdty,2019-08-16,13.78445
TFT1 N:02_0_N Comdty,2019-08-19,13.80121
TFT1 N:02_0_N Comdty,2019-08-20,13.75673
TFT1 N:02_0_N Comdty,2019-08-21,13.75568
TFT1 N:02_0_N Comdty,2019-08-22,13.77159
TFT1 N:02_0_N Comdty,2019-08-23,13.63372
TFT1 N:02_0_N Comdty,2019-08-26,13.61328
TFT1 N:02_0_N Comdty,2019-08-27,13.58653
TFT1 N:02_0_N Comdty,2019-08-28,13.59364
TFT1 N:02_0_N Comdty,2019-08-29,13.73463
TFT1 N:02_0_N Comdty,2019-08-30,13.73499
TFT1 N:02_0_N Comdty,2019-09-02,13.63459
TFT1 N:02_0_N Comdty,2019-09-03,13.57776
TFT1 N:02_0_N Comdty,2019-09-04,13.5811
TFT1 N:02_0_N Comdty,2019-09-05,13.68172
TFT1 N:02_0_N Comdty,2019-09-06,13.76744
TFT1 N:02_0_N Comdty,2019-09-09,13.77599
TFT1 N:02_0_N Comdty,2019-09-10,13.7907
TFT1 N:02_0_N Comdty,2019-09-11,13.79262
TFT1 N:02_0_N Comdty,2019-09-12,13.76126
TFT1 N:02_0_N Comdty,2019-09-16,13.83855
TFT1 N:02_0_N Comdty,2019-09-17,13.78354
TFT1 N:02_0_N Comdty,2019-09-18,13.79822
TFT1 N:02_0_N Comdty,2019-09-19,13.77695
TFT1 N:02_0_N Comdty,2019-09-20,13.78878
TFT1 N:02_0_N Comdty,2019-09-23,13.69258
TFT1 N:02_0_N Comdty,2019-09-24,13.621
TFT1 N:02_0_N Comdty,2019-09-25,13.68862
TFT1 N:02_0_N Comdty,2019-09-26,13.68249
TFT1 N:02_0_N Comdty,2019-09-27,13.6356
TFT1 N:02_0_N Comdty,2019-09-30,13.70849
TFT1 N:02_0_N Comdty,2019-10-08,13.70284
TFT1 N:02_0_N Comdty,2019-10-09,13.7459
TFT1 N:02_0_N Comdty,2019-10-10,13.75219
TFT1 N:02_0_N Comdty,2019-10-11,13.78378
TFT1 N:02_0_N Comdty,2019-10-14,13.84565
TFT1 N:02_0_N Comdty,2019-10-15,13.84145
TFT1 N:02_0_N Comdty,2019-10-16,13.76075
TFT1 N:02_0_N Comdty,2019-10-17,13.70802
TFT1 N:02_0_N Comdty,2019-10-18,13.63579
TFT1 N:02_0_N Comdty,2019-10-21,13.61754
TFT1 N:02_0_N Comdty,2019-10-22,13.65397
TFT1 N:02_0_N Comdty,2019-10-23,13.71879
TFT1 N:02_0_N Comdty,2019-10-24,13.7374
TFT1 N:02_0_N Comdty,2019-10-25,13.76798
TFT1 N:02_0_N Comdty,2019-10-28,13.7174
TFT1 N:02_0_N Comdty,2019-10-29,13.70068
TFT1 N:02_0_N Comdty,2019-10-30,13.6337
TFT1 N:02_0_N Comdty,2019-10-31,13.65167
TFT1 N:02_0_N Comdty,2019-11-01,13.66065
TFT1 N:02_0_N Comdty,2019-11-04,13.67337
TFT1 N:02_0_N Comdty,2019-11-05,13.85297
TFT1 N:02_0_N Comdty,2019-11-06,13.87943
TFT1 N:02_0_N Comdty,2019-11-07,13.97681
TFT1 N:02_0_N Comdty,2019-11-08,13.92431
TFT1 N:02_0_N Comdty,2019-11-11,13.87264
TFT1 N:02_0_N Comdty,2019-11-12,13.86926
TFT1 N:02_0_N Comdty,2019-11-13,13.80638
TFT1 N:02_0_N Comdty,2019-11-14,13.77622
TFT1 N:02_0_N Comdty,2019-11-15,13.84058
TFT1 N:02_0_N Comdty,2019-11-18,13.83215
TFT1 N:02_0_N Comdty,2019-11-19,13.8823
TFT1 N:02_0_N Comdty,2019-11-20,13.87453
TFT1 N:02_0_N Comdty,2019-11-21,13.9112
TFT1 N:02_0_N Comdty,2019-11-22,13.96514
TFT1 N:02_0_N Comdty,2019-11-25,13.92338
TFT1 N:02_0_N Comdty,2019-11-26,13.95307
TFT1 N:02_0_N Comdty,2019-11-27,13.99281
TFT1 N:02_0_N Comdty,2019-11-28,13.97262
TFT1 N:02_0_N Comdty,2019-11-29,13.98849
TFT1 N:02_0_N Comdty,2019-12-02,13.77169
TFT1 N:02_0_N Comdty,2019-12-03,13.655
TFT1 N:02_0_N Comdty,2019-12-04,13.73112
TFT1 N:02_0_N Comdty,2019-12-05,13.7196
TFT1 N:02_0_N Comdty,2019-12-06,13.75172
TFT1 N:02_0_N Comdty,2019-12-09,13.71747
TFT1 N:02_0_N Comdty,2019-12-10,13.69334
TFT1 N:02_0_N Comdty,2019-12-11,13.71252
TFT1 N:02_0_N Comdty,2019-12-12,13.83802
TFT1 N:02_0_N Comdty,2019-12-13,13.76496
TFT1 N:02_0_N Comdty,2019-12-16,13.74561
TFT1 N:02_0_N Comdty,2019-12-17,13.66847
TFT1 N:02_0_N Comdty,2019-12-18,13.65639
TFT1 N:02_0_N Comdty,2019-12-19,13.61175
TFT1 N:02_0_N Comdty,2019-12-20,13.72715
TFT1 N:02_0_N Comdty,2019-12-23,13.73085
TFT1 N:02_0_N Comdty,2019-12-24,13.71989
TFT1 N:02_0_N Comdty,2019-12-25,13.75834
TFT1 N:02_0_N Comdty,2019-12-26,13.77864
TFT1 N:02_0_N Comdty,2019-12-27,13.67377
TFT1 N:02_0_N Comdty,2019-12-30,13.60464
TFT1 N:02_0_N Comdty,2019-12-31,13.62222
TFT1 N:02_0_N Comdty,2020-01-02,13.68781
TFT1 N:02_0_N Comdty,2020-01-03,13.65745
TFT1 N:02_0_N Comdty,2020-01-06,13.63001
TFT1 N:02_0_N Comdty,2020-01-07,13.6932
TFT1 N:02_0_N Comdty,2020-01-08,13.75713
TFT1 N:02_0_N Comdty,2020-01-09,13.78906
TFT1 N:02_0_N Comdty,2020-01-10,13.84329
TFT1 N:02_0_N Comdty,2020-01-13,13.85744
TFT1 N:02_0_N Comdty,2020-01-14,13.84597
TFT1 N:02_0_N Comdty,2020-01-15,13.7811
TFT1 N:02_0_N Comdty,2020-01-16,13.80281
TFT1 N:02_0_N Comdty,2020-01-17,13.89986
TFT1 N:02_0_N Comdty,2020-01-20,13.95527
TFT1 N:02_0_N Comdty,2020-01-21,13.93071
TFT1 N:02_0_N Comdty,2020-01-22,13.94687
TFT1 N:02_0_N Comdty,2020-01-23,13.97782
TFT1 N:02_0_N Comdty,2020-02-03,13.90089
TFT1 N:02_0_N Comdty,2020-02-04,13.97241
TFT1 N:02_0_N Comdty,2020-02-05,14.07736
TFT1 N:02_0_N Comdty,2020-02-06,14.1129
TFT1 N:02_0_N Comdty,2020-02-07,14.12132
TFT1 N:02_0_N Comdty,2020-02-10,14.14803
TFT1 N:02_0_N Comdty,2020-02-11,14.11581
TFT1 N:02_0_N Comdty,2020-02-12,14.13621
TFT1 N:02_0_N Comdty,2020-02-13,14.1442
TFT1 N:02_0_N Comdty,2020-02-14,14.12127
TFT1 N:02_0_N Comdty,2020-02-17,14.10016
TFT1 N:02_0_N Comdty,2020-02-18,14.13087
TFT1 N:02_0_N Comdty,2020-02-19,14.1555
TFT1 N:02_0_N Comdty,2020-02-20,14.06
TFT1 N:02_0_N Comdty,2020-02-21,14.01706
TFT1 N:02_0_N Comdty,2020-02-24,14.02619
TFT1 N:02_0_N Comdty,2020-02-25,14.03377
TFT1 N:02_0_N Comdty,2020-02-26,14.03315
TFT1 N:02_0_N Comdty,2020-02-27,14.02297
TFT1 N:02_0_N Comdty,2020-02-28,14.02858
TFT1 N:02_0_N Comdty,2020-03-02,13.85914
TFT1 N:02_0_N Comdty,2020-03-03,13.87229
TFT1 N:02_0_N Comdty,2020-03-04,13.97178
TFT1 N:02_0_N Comdty,2020-03-05,13.81748
TFT1 N:02_0_N Comdty,2020-03-06,13.72295
TFT1 N:02_0_N Comdty,2020-03-09,13.58471
TFT1 N:02_0_N Comdty,2020-03-10,13.6362
TFT1 N:02_0_N Comdty,2020-03-11,13.68992
TFT1 N:02_0_N Comdty,2020-03-12,13.65472
TFT1 N:02_0_N Comdty,2020-03-13,13.74737
TFT1 N:02_0_N Comdty,2020-03-16,13.67723
TFT1 N:02_0_N Comdty,2020-03-17,13.83915
TFT1 N:02_0_N Comdty,2020-03-18,13.92213
TFT1 N:02_0_N Comdty,2020-03-19,13.96294
TFT1 N:02_0_N Comdty,2020-03-20,14.03126
TFT1 N:02_0_N Comdty,2020-03-23,14.03506
TFT1 N:02_0_N Comdty,2020-03-24,14.12147
TFT1 N:02_0_N Comdty,2020-03-25,13.97224
TFT1 N:02_0_N Comdty,2020-03-26,13.86105
TFT1 N:02_0_N Comdty,2020-03-27,13.65956
TFT1 N:02_0_N Comdty,2020-03-30,13.73977
TFT1 N:02_0_N Comdty,2020-03-31,13.8919
TFT1 N:02_0_N Comdty,2020-04-01,13.91572
TFT1 N:02_0_N Comdty,2020-04-02,13.99771
TFT1 N:02_0_N Comdty,2020-04-03,14.0139
TFT1 N:02_0_N Comdty,2020-04-07,14.10027
TFT1 N:02_0_N Comdty,2020-04-08,14.09025
TFT1 N:02_0_N Comdty,2020-04-09,14.03714
TFT1 N:02_0_N Comdty,2020-04-10,13.99647
TFT1 N:02_0_N Comdty,2020-04-13,14.01526
TFT1 N:02_0_N Comdty,2020-04-14,13.94085
TFT1 N:02_0_N Comdty,2020-04-15,13.9799
TFT1 N:02_0_N Comdty,2020-04-16,14.05657
TFT1 N:02_0_N Comdty,2020-04-17,14.00439
TFT1 N:02_0_N Comdty,2020-04-20,13.96146
TFT1 N:02_0_N Comdty,2020-04-21,13.98002
TFT1 N:02_0_N Comdty,2020-04-22,14.06178
TFT1 N:02_0_N Comdty,2020-04-23,14.19819
TFT1 N:02_0_N Comdty,2020-04-24,14.22481
TFT1 N:02_0_N Comdty,2020-04-27,14.20082
TFT1 N:02_0_N Comdty,2020-04-28,14.21595
TFT1 N:02_0_N Comdty,2020-04-29,14.26492
TFT1 N:02_0_N Comdty,2020-04-30,14.09177
TFT1 N:02_0_N Comdty,2020-05-06,14.07699
TFT1 N:02_0_N Comdty,2020-05-07,14.05715
TFT1 N:02_0_N Comdty,2020-05-08,14.01588
TFT1 N:02_0_N Comdty,2020-05-11,13.93588
TFT1 N:02_0_N Comdty,2020-05-12,13.94734
TFT1 N:02_0_N Comdty,2020-05-13,13.93088
TFT1 N:02_0_N Comdty,2020-05-14,13.95378
TFT1 N:02_0_N Comdty,2020-05-15,13.95751
TFT1 N:02_0_N Comdty,2020-05-18,13.87279
TFT1 N:02_0_N Comdty,2020-05-19,13.91887
TFT1 N:02_0_N Comdty,2020-05-20,13.85651
TFT1 N:02_0_N Comdty,2020-05-21,13.90054
TFT1 N:02_0_N Comdty,2020-05-22,13.95989
TFT1 N:02_0_N Comdty,2020-05-25,13.882
TFT1 N:02_0_N Comdty,2020-05-26,13.76337
TFT1 N:02_0_N Comdty,2020-05-27,13.73029
TFT1 N:02_0_N Comdty,2020-05-28,13.72651
TFT1 N:02_0_N Comdty,2020-05-29,13.70226
TFT1 N:02_0_N Comdty,2020-06-01,13.59048
TFT1 N:02_0_N Comdty,2020-06-02,13.61023
TFT1 N:02_0_N Comdty,2020-06-03,13.56125
TFT1 N:02_0_N Comdty,2020-06-04,13.45564
TFT1 N:02_0_N Comdty,2020-06-05,13.56748
TFT1 N:02_0_N Comdty,2020-06-08,13.56235
TFT1 N:02_0_N Comdty,2020-06-09,13.42814
TFT1 N:02_0_N Comdty,2020-06-10,13.39809
TFT1 N:02_0_N Comdty,2020-06-11,13.35144
TFT1 N:02_0_N Comdty,2020-06-12,13.54525
TFT1 N:02_0_N Comdty,2020-06-15,13.49869
TFT1 N:02_0_N Comdty,2020-06-16,13.42333
TFT1 N:02_0_N Comdty,2020-06-17,13.43149
TFT1 N:02_0_N Comdty,2020-06-18,13.44559
TFT1 N:02_0_N Comdty,2020-06-19,13.46774
TFT1 N:02_0_N Comdty,2020-06-22,13.4095
TFT1 N:02_0_N Comdty,2020-06-23,13.36175
TFT1 N:02_0_N Comdty,2020-06-24,13.40193
TFT1 N:02_0_N Comdty,2020-06-29,13.48142
TFT1 N:02_0_N Comdty,2020-06-30,13.44162
TFT1 N:02_0_N Comdty,2020-07-01,13.40625
TFT1 N:02_0_N Comdty,2020-07-02,13.42715
TFT1 N:02_0_N Comdty,2020-07-03,13.37162
TFT1 N:02_0_N Comdty,2020-07-06,13.28573
TFT1 N:02_0_N Comdty,2020-07-07,13.2871
TFT1 N:02_0_N Comdty,2020-07-08,13.1869
TFT1 N:02_0_N Comdty,2020-07-09,13.2383
TFT1 N:02_0_N Comdty,2020-07-10,13.25432
TFT1 N:02_0_N Comdty,2020-07-13,13.22406
TFT1 N:02_0_N Comdty,2020-07-14,13.20984
TFT1 N:02_0_N Comdty,2020-07-15,13.37004
TFT1 N:02_0_N Comdty,2020-07-16,13.39797
TFT1 N:02_0_N Comdty,2020-07-17,13.30853
TFT1 N:02_0_N Comdty,2020-07-20,13.34405
TFT1 N:02_0_N Comdty,2020-07-21,13.27417
TFT1 N:02_0_N Comdty,2020-07-22,13.23361
TFT1 N:02_0_N Comdty,2020-07-23,13.16606
TFT1 N:02_0_N Comdty,2020-07-24,13.13951
TFT1 N:02_0_N Comdty,2020-07-27,13.13583
TFT1 N:02_0_N Comdty,2020-07-28,13.03137
TFT1 N:02_0_N Comdty,2020-07-29,12.94702
TFT1 N:02_0_N Comdty,2020-07-30,12.89909
TFT1 N:02_0_N Comdty,2020-07-31,12.94219
TFT1 N:02_0_N Comdty,2020-08-03,13.04161
TFT1 N:02_0_N Comdty,2020-08-04,13.00818
TFT1 N:02_0_N Comdty,2020-08-05,12.94755
TFT1 N:02_0_N Comdty,2020-08-06,12.94528
TFT1 N:02_0_N Comdty,2020-08-07,12.96669
TFT1 N:02_0_N Comdty,2020-08-10,13.03165
TFT1 N:02_0_N Comdty,2020-08-11,13.07106
TFT1 N:02_0_N Comdty,2020-08-12,13.02059
TFT1 N:02_0_N Comdty,2020-08-13,13.02165
TFT1 N:02_0_N Comdty,2020-08-14,13.01205
TFT1 N:02_0_N Comdty,2020-08-17,13.00122
TFT1 N:02_0_N Comdty,2020-08-18,12.95533
TFT1 N:02_0_N Comdty,2020-08-19,13.06378
TFT1 N:02_0_N Comdty,2020-08-20,12.98973
TFT1 N:02_0_N Comdty,2020-08-21,13.06848
TFT1 N:02_0_N Comdty,2020-08-24,13.02704
TFT1 N:02_0_N Comdty,2020-08-25,12.96217
TFT1 N:02_0_N Comdty,2020-08-26,12.96816
TFT1 N:02_0_N Comdty,2020-08-27,12.98699
TFT1 N:02_0_N Comdty,2020-08-28,12.94117
TFT1 N:02_0_N Comdty,2020-08-31,12.92341
TFT1 N:02_0_N Comdty,2020-09-01,13.03369
TFT1 N:02_0_N Comdty,2020-09-02,13.02543
TFT1 N:02_0_N Comdty,2020-09-03,13.0003
TFT1 N:02_0_N Comdty,2020-09-04,13.05209
TFT1 N:02_0_N Comdty,2020-09-07,13.08835
TFT1 N:02_0_N Comdty,2020-09-08,13.10654
TFT1 N:02_0_N Comdty,2020-09-09,13.12696
TFT1 N:02_0_N Comdty,2020-09-10,13.07161
TFT1 N:02_0_N Comdty,2020-09-11,13.02658
TFT1 N:02_0_N Comdty,2020-09-14,13.01054
TFT1 N:02_0_N Comdty,2020-09-15,13.12636
TFT1 N:02_0_N Comdty,2020-09-16,13.17557
TFT1 N:02_0_N Comdty,2020-09-17,13.16653
TFT1 N:02_0_N Comdty,2020-09-18,13.13996
TFT1 N:02_0_N Comdty,2020-09-21,13.22013
TFT1 N:02_0_N Comdty,2020-09-22,13.3744
TFT1 N:02_0_N Comdty,2020-09-23,13.3301
TFT1 N:02_0_N Comdty,2020-09-24,13.33895
TFT1 N:02_0_N Comdty,2020-09-25,13.3646
TFT1 N:02_0_N Comdty,2020-09-28,13.33491
TFT1 N:02_0_N Comdty,2020-09-29,13.22244
TFT1 N:02_0_N Comdty,2020-09-30,13.26743
TFT1 N:02_0_N Comdty,2020-10-09,13.25224
TFT1 N:02_0_N Comdty,2020-10-12,13.15772
TFT1 N:02_0_N Comdty,2020-10-13,13.22991
TFT1 N:02_0_N Comdty,2020-10-14,13.24603
TFT1 N:02_0_N Comdty,2020-10-15,13.24221
TFT1 N:02_0_N Comdty,2020-10-16,13.32111
TFT1 N:02_0_N Comdty,2020-10-19,13.30771
TFT1 N:02_0_N Comdty,2020-10-20,13.29056
TFT1 N:02_0_N Comdty,2020-10-21,13.29733
TFT1 N:02_0_N Comdty,2020-10-22,13.31307
TFT1 N:02_0_N Comdty,2020-10-23,13.26649
TFT1 N:02_0_N Comdty,2020-10-26,13.2445
TFT1 N:02_0_N Comdty,2020-10-27,13.2797
TFT1 N:02_0_N Comdty,2020-10-28,13.26234
TFT1 N:02_0_N Comdty,2020-10-29,13.382
TFT1 N:02_0_N Comdty,2020-10-30,13.44628
TFT1 N:02_0_N Comdty,2020-11-02,13.51485
TFT1 N:02_0_N Comdty,2020-11-03,13.43611
TFT1 N:02_0_N Comdty,2020-11-04,13.49663
TFT1 N:02_0_N Comdty,2020-11-05,13.48498
TFT1 N:02_0_N Comdty,2020-11-06,13.34314
TFT1 N:02_0_N Comdty,2020-11-09,13.46279
TFT1 N:02_0_N Comdty,2020-11-10,13.53823
TFT1 N:02_0_N Comdty,2020-11-11,13.54288
TFT1 N:02_0_N Comdty,2020-11-12,13.54246
TFT1 N:02_0_N Comdty,2020-11-13,13.49465
TFT1 N:02_0_N Comdty,2020-11-16,13.52549
TFT1 N:02_0_N Comdty,2020-11-17,13.54216
TFT1 N:02_0_N Comdty,2020-11-18,13.48618
TFT1 N:02_0_N Comdty,2020-11-19,13.46589
TFT1 N:02_0_N Comdty,2020-11-20,13.50889
TFT1 N:02_0_N Comdty,2020-11-23,13.49108
TFT1 N:02_0_N Comdty,2020-11-24,13.46635
TFT1 N:02_0_N Comdty,2020-11-25,13.44137
TFT1 N:02_0_N Comdty,2020-11-26,13.41242
TFT1 N:02_0_N Comdty,2020-11-27,13.37875
TFT1 N:02_0_N Comdty,2020-11-30,13.44402
TFT1 N:02_0_N Comdty,2020-12-01,13.34989
TFT1 N:02_0_N Comdty,2020-12-02,13.27572
TFT1 N:02_0_N Comdty,2020-12-03,13.24246
TFT1 N:02_0_N Comdty,2020-12-04,13.28389
TFT1 N:02_0_N Comdty,2020-12-07,13.25628
TFT1 N:02_0_N Comdty,2020-12-08,13.27079
TFT1 N:02_0_N Comdty,2020-12-09,13.26326
TFT1 N:02_0_N Comdty,2020-12-10,13.24367
TFT1 N:02_0_N Comdty,2020-12-11,13.21225
TFT1 N:02_0_N Comdty,2020-12-14,13.15263
TFT1 N:02_0_N Comdty,2020-12-15,13.19353
TFT1 N:02_0_N Comdty,2020-12-16,13.21227
TFT1 N:02_0_N Comdty,2020-12-17,13.15988
TFT1 N:02_0_N Comdty,2020-12-18,13.13603
TFT1 N:02_0_N Comdty,2020-12-21,13.14893
TFT1 N:02_0_N Comdty,2020-12-22,13.26808
TFT1 N:02_0_N Comdty,2020-12-23,13.27011
TFT1 N:02_0_N Comdty,2020-12-24,13.32634
TFT1 N:02_0_N Comdty,2020-12-25,13.30184
TFT1 N:02_0_N Comdty,2020-12-28,13.32883
TFT1 N:02_0_N Comdty,2020-12-29,13.27806
TFT1 N:02_0_N Comdty,2020-12-30,13.28818
TFT1 N:02_0_N Comdty,2020-12-31,13.28573
TFT1 N:02_0_N Comdty,2021-01-04,13.34479
TFT1 N:02_0_N Comdty,2021-01-05,13.33822
TFT1 N:02_0_N Comdty,2021-01-06,13.36772
TFT1 N:02_0_N Comdty,2021-01-07,13.40428
TFT1 N:02_0_N Comdty,2021-01-08,13.39345
TFT1 N:02_0_N Comdty,2021-01-11,13.41538
TFT1 N:02_0_N Comdty,2021-01-12,13.45961
TFT1 N:02_0_N Comdty,2021-01-13,13.44934
TFT1 N:02_0_N Comdty,2021-01-14,13.44536
TFT1 N:02_0_N Comdty,2021-01-15,13.44977
TFT1 N:02_0_N Comdty,2021-01-18,13.43306
TFT1 N:02_0_N Comdty,2021-01-19,13.43544
TFT1 N:02_0_N Comdty,2021-01-20,13.48731
TFT1 N:02_0_N Comdty,2021-01-21,13.46129
TFT1 N:02_0_N Comdty,2021-01-22,13.43694
TFT1 N:02_0_N Comdty,2021-01-25,13.48102
TFT1 N:02_0_N Comdty,2021-01-26,13.44276
TFT1 N:02_0_N Comdty,2021-01-27,13.42026
TFT1 N:02_0_N Comdty,2021-01-28,13.45796
TFT1 N:02_0_N Comdty,2021-01-29,13.53073
TFT1 N:02_0_N Comdty,2021-02-01,13.55908
TFT1 N:02_0_N Comdty,2021-02-02,13.60365
TFT1 N:02_0_N Comdty,2021-02-03,13.55491
TFT1 N:02_0_N Comdty,2021-02-04,13.57568
TFT1 N:02_0_N Comdty,2021-02-05,13.52884
TFT1 N:02_0_N Comdty,2021-02-08,13.54823
TFT1 N:02_0_N Comdty,2021-02-09,13.50501
TFT1 N:02_0_N Comdty,2021-02-10,13.37055
TFT1 N:02_0_N Comdty,2021-02-18,13.37436
TFT1 N:02_0_N Comdty,2021-02-19,13.4671
TFT1 N:02_0_N Comdty,2021-02-22,13.43419
TFT1 N:02_0_N Comdty,2021-02-23,13.5671
TFT1 N:02_0_N Comdty,2021-02-24,13.64453
TFT1 N:02_0_N Comdty,2021-02-25,13.59232
TFT1 N:02_0_N Comdty,2021-02-26,13.61392
TFT1 N:02_0_N Comdty,2021-03-01,13.73889
TFT1 N:02_0_N Comdty,2021-03-02,13.74988
TFT1 N:02_0_N Comdty,2021-03-03,13.80824
TFT1 N:02_0_N Comdty,2021-03-04,13.94192
TFT1 N:02_0_N Comdty,2021-03-05,13.95289
TFT1 N:02_0_N Comdty,2021-03-08,13.9728
TFT1 N:02_0_N Comdty,2021-03-09,13.90324
TFT1 N:02_0_N Comdty,2021-03-10,13.94655
TFT1 N:02_0_N Comdty,2021-03-11,13.82842
TFT1 N:02_0_N Comdty,2021-03-12,13.82917
TFT1 N:02_0_N Comdty,2021-03-15,13.80932
TFT1 N:02_0_N Comdty,2021-03-16,13.77516
TFT1 N:02_0_N Comdty,2021-03-17,13.8159
TFT1 N:02_0_N Comdty,2021-03-18,13.79337
TFT1 N:02_0_N Comdty,2021-03-19,13.85955
TFT1 N:02_0_N Comdty,2021-03-22,13.7792
TFT1 N:02_0_N Comdty,2021-03-23,13.93091
TFT1 N:02_0_N Comdty,2021-03-24,13.97362
TFT1 N:02_0_N Comdty,2021-03-25,13.99261
TFT1 N:02_0_N Comdty,2021-03-26,13.99826
TFT1 N:02_0_N Comdty,2021-03-29,13.90989
TFT1 N:02_0_N Comdty,2021-03-30,13.97009
TFT1 N:02_0_N Comdty,2021-03-31,14.01383
TFT1 N:02_0_N Comdty,2021-04-01,13.95961
TFT1 N:02_0_N Comdty,2021-04-02,13.98377
TFT1 N:02_0_N Comdty,2021-04-06,13.87728
TFT1 N:02_0_N Comdty,2021-04-07,13.79509
TFT1 N:02_0_N Comdty,2021-04-08,13.69652
TFT1 N:02_0_N Comdty,2021-04-09,13.72494
TFT1 N:02_0_N Comdty,2021-04-12,13.72682
TFT1 N:02_0_N Comdty,2021-04-13,13.76227
TFT1 N:02_0_N Comdty,2021-04-14,13.81162
TFT1 N:02_0_N Comdty,2021-04-15,13.81634
TFT1 N:02_0_N Comdty,2021-04-16,13.79358
TFT1 N:02_0_N Comdty,2021-04-19,13.75398
TFT1 N:02_0_N Comdty,2021-04-20,13.7933
TFT1 N:02_0_N Comdty,2021-04-21,13.8405
TFT1 N:02_0_N Comdty,2021-04-22,13.85873
TFT1 N:02_0_N Comdty,2021-04-23,13.78345
TFT1 N:02_0_N Comdty,2021-04-26,13.77044
TFT1 N:02_0_N Comdty,2021-04-27,13.75763
TFT1 N:02_0_N Comdty,2021-04-28,13.75248
TFT1 N:02_0_N Comdty,2021-04-29,13.72449
TFT1 N:02_0_N Comdty,2021-04-30,13.80721
TFT1 N:02_0_N Comdty,2021-05-06,13.78958
TFT1 N:02_0_N Comdty,2021-05-07,13.73218
TFT1 N:02_0_N Comdty,2021-05-10,13.73648
TFT1 N:02_0_N Comdty,2021-05-11,13.78768
TFT1 N:02_0_N Comdty,2021-05-12,13.83571
TFT1 N:02_0_N Comdty,2021-05-13,13.79443
TFT1 N:02_0_N Comdty,2021-05-14,13.79481
TFT1 N:02_0_N Comdty,2021-05-17,13.76137
TFT1 N:02_0_N Comdty,2021-05-18,13.72624
TFT1 N:02_0_N Comdty,2021-05-19,13.78002
TFT1 N:02_0_N Comdty,2021-05-20,13.77225
TFT1 N:02_0_N Comdty,2021-05-21,13.82544
TFT1 N:02_0_N Comdty,2021-05-24,13.80916
TFT1 N:02_0_N Comdty,2021-05-25,13.80669
TFT1 N:02_0_N Comdty,2021-05-26,13.90389
TFT1 N:02_0_N Comdty,2021-05-27,13.89506
TFT1 N:02_0_N Comdty,2021-05-28,13.93565
TFT1 N:02_0_N Comdty,2021-05-31,13.94388
TFT1 N:02_0_N Comdty,2021-06-01,13.89585
TFT1 N:02_0_N Comdty,2021-06-02,13.89943
TFT1 N:02_0_N Comdty,2021-06-03,13.94601
TFT1 N:02_0_N Comdty,2021-06-04,13.84433
TFT1 N:02_0_N Comdty,2021-06-07,13.77271
TFT1 N:02_0_N Comdty,2021-06-08,13.76047
TFT1 N:02_0_N Comdty,2021-06-09,13.7725
TFT1 N:02_0_N Comdty,2021-06-10,13.70492
TFT1 N:02_0_N Comdty,2021-06-11,13.72872
TFT1 N:02_0_N Comdty,2021-06-15,13.7182
TFT1 N:02_0_N Comdty,2021-06-16,13.73838
TFT1 N:02_0_N Comdty,2021-06-17,13.92069
TFT1 N:02_0_N Comdty,2021-06-18,13.99445
TFT1 N:02_0_N Comdty,2021-06-21,13.94815
TFT1 N:02_0_N Comdty,2021-06-22,13.92548
TFT1 N:02_0_N Comdty,2021-06-23,13.947
TFT1 N:02_0_N Comdty,2021-06-24,13.95663
TFT1 N:02_0_N Comdty,2021-06-25,13.96651
TFT1 N:02_0_N Comdty,2021-06-28,13.98316
TFT1 N:02_0_N Comdty,2021-06-29,14.0026
TFT1 N:02_0_N Comdty,2021-06-30,14.10781
TFT1 N:02_0_N Comdty,2021-07-01,14.07068
TFT1 N:02_0_N Comdty,2021-07-02,14.02571
TFT1 N:02_0_N Comdty,2021-07-05,14.03108
TFT1 N:02_0_N Comdty,2021-07-06,14.03224
TFT1 N:02_0_N Comdty,2021-07-07,14.09728
TFT1 N:02_0_N Comdty,2021-07-08,13.97546
TFT1 N:02_0_N Comdty,2021-07-09,13.97191
TFT1 N:02_0_N Comdty,2021-07-12,14.04361
TFT1 N:02_0_N Comdty,2021-07-13,14.09505
TFT1 N:02_0_N Comdty,2021-07-14,14.08815
TFT1 N:02_0_N Comdty,2021-07-15,14.11652
TFT1 N:02_0_N Comdty,2021-07-16,14.09909
TFT1 N:02_0_N Comdty,2021-07-19,14.04946
TFT1 N:02_0_N Comdty,2021-07-20,14.14398
TFT1 N:02_0_N Comdty,2021-07-21,14.15086
TFT1 N:02_0_N Comdty,2021-07-22,14.15088
TFT1 N:02_0_N Comdty,2021-07-23,14.15815
TFT1 N:02_0_N Comdty,2021-07-26,14.11316
TFT1 N:02_0_N Comdty,2021-07-27,14.00135
TFT1 N:02_0_N Comdty,2021-07-28,14.02716
TFT1 N:02_0_N Comdty,2021-07-29,14.02264
TFT1 N:02_0_N Comdty,2021-07-30,14.06262
TFT1 N:02_0_N Comdty,2021-08-02,14.07087
TFT1 N:02_0_N Comdty,2021-08-03,14.01882
TFT1 N:02_0_N Comdty,2021-08-04,14.0545
TFT1 N:02_0_N Comdty,2021-08-05,14.10531
TFT1 N:02_0_N Comdty,2021-08-06,14.18558
TFT1 N:02_0_N Comdty,2021-08-09,14.17477
TFT1 N:02_0_N Comdty,2021-08-10,14.2298
TFT1 N:02_0_N Comdty,2021-08-11,14.18705
TFT1 N:02_0_N Comdty,2021-08-12,14.24956
TFT1 N:02_0_N Comdty,2021-08-13,14.12271
TFT1 N:02_0_N Comdty,2021-08-16,14.06724
TFT1 N:02_0_N Comdty,2021-08-17,14.09216
TFT1 N:02_0_N Comdty,2021-08-18,14.19617
TFT1 N:02_0_N Comdty,2021-08-19,14.17648
TFT1 N:02_0_N Comdty,2021-08-20,14.14367
TFT1 N:02_0_N Comdty,2021-08-23,14.11518
TFT1 N:02_0_N Comdty,2021-08-24,14.14054
TFT1 N:02_0_N Comdty,2021-08-25,14.17083
TFT1 N:02_0_N Comdty,2021-08-26,14.18558
TFT1 N:02_0_N Comdty,2021-08-27,14.09038
TFT1 N:02_0_N Comdty,2021-08-30,14.21951
TFT1 N:02_0_N Comdty,2021-08-31,14.20767
TFT1 N:02_0_N Comdty,2021-09-01,14.24086
TFT1 N:02_0_N Comdty,2021-09-02,14.25501
TFT1 N:02_0_N Comdty,2021-09-03,14.22957
TFT1 N:02_0_N Comdty,2021-09-06,14.22144
TFT1 N:02_0_N Comdty,2021-09-07,14.2322
TFT1 N:02_0_N Comdty,2021-09-08,14.2945
TFT1 N:02_0_N Comdty,2021-09-09,14.18418
TFT1 N:02_0_N Comdty,2021-09-10,14.23434
TFT1 N:02_0_N Comdty,2021-09-13,14.24605
TFT1 N:02_0_N Comdty,2021-09-14,14.2225
TFT1 N:02_0_N Comdty,2021-09-15,14.24027
TFT1 N:02_0_N Comdty,2021-09-16,14.28448
TFT1 N:02_0_N Comdty,2021-09-17,14.38357
TFT1 N:02_0_N Comdty,2021-09-22,14.27867
TFT1 N:02_0_N Comdty,2021-09-23,14.31168
TFT1 N:02_0_N Comdty,2021-09-24,14.2936
TFT1 N:02_0_N Comdty,2021-09-27,14.30975
TFT1 N:02_0_N Comdty,2021-09-28,14.33905
TFT1 N:02_0_N Comdty,2021-09-29,14.43725
TFT1 N:02_0_N Comdty,2021-09-30,14.47864
TFT1 N:02_0_N Comdty,2021-10-08,14.32531
TFT1 N:02_0_N Comdty,2021-10-11,14.2526
TFT1 N:02_0_N Comdty,2021-10-12,14.30227
TFT1 N:02_0_N Comdty,2021-10-13,14.26285
TFT1 N:02_0_N Comdty,2021-10-14,14.22743
TFT1 N:02_0_N Comdty,2021-10-15,14.24112
TFT1 N:02_0_N Comdty,2021-10-18,14.15612
TFT1 N:02_0_N Comdty,2021-10-19,14.29757
TFT1 N:02_0_N Comdty,2021-10-20,14.21625
TFT1 N:02_0_N Comdty,2021-10-21,14.2342
TFT1 N:02_0_N Comdty,2021-10-22,14.22357
TFT1 N:02_0_N Comdty,2021-10-25,14.2599
TFT1 N:02_0_N Comdty,2021-10-26,14.29643
TFT1 N:02_0_N Comdty,2021-10-27,14.2342
TFT1 N:02_0_N Comdty,2021-10-28,14.16878
TFT1 N:02_0_N Comdty,2021-10-29,14.19583
TFT1 N:02_0_N Comdty,2021-11-01,14.15936
TFT1 N:02_0_N Comdty,2021-11-02,14.23841
TFT1 N:02_0_N Comdty,2021-11-03,14.20079
TFT1 N:02_0_N Comdty,2021-11-04,14.22781
TFT1 N:02_0_N Comdty,2021-11-05,14.26243
TFT1 N:02_0_N Comdty,2021-11-08,14.30144
TFT1 N:02_0_N Comdty,2021-11-09,14.26551
TFT1 N:02_0_N Comdty,2021-11-10,14.35585
TFT1 N:02_0_N Comdty,2021-11-11,14.38899
TFT1 N:02_0_N Comdty,2021-11-12,14.40874
TFT1 N:02_0_N Comdty,2021-11-15,14.47368
TFT1 N:02_0_N Comdty,2021-11-16,14.56718
TFT1 N:02_0_N Comdty,2021-11-17,14.55024
TFT1 N:02_0_N Comdty,2021-11-18,14.50847
TFT1 N:02_0_N Comdty,2021-11-19,14.50637
TFT1 N:02_0_N Comdty,2021-11-22,14.59761
TFT1 N:02_0_N Comdty,2021-11-23,14.60148
TFT1 N:02_0_N Comdty,2021-11-24,14.66279
TFT1 N:02_0_N Comdty,2021-11-25,14.69806
TFT1 N:02_0_N Comdty,2021-11-26,14.50722
TFT1 N:02_0_N Comdty,2021-11-29,14.53892
TFT1 N:02_0_N Comdty,2021-11-30,14.51484
TFT1 N:02_0_N Comdty,2021-12-01,14.47391
TFT1 N:02_0_N Comdty,2021-12-02,14.45853
TFT1 N:02_0_N Comdty,2021-12-03,14.39553
TFT1 N:02_0_N Comdty,2021-12-06,14.58619
TFT1 N:02_0_N Comdty,2021-12-07,14.56775
TFT1 N:02_0_N Comdty,2021-12-08,14.51659
TFT1 N:02_0_N Comdty,2021-12-09,14.48068
TFT1 N:02_0_N Comdty,2021-12-10,14.45259
TFT1 N:02_0_N Comdty,2021-12-13,14.45956
TFT1 N:02_0_N Comdty,2021-12-14,14.51394
TFT1 N:02_0_N Comdty,2021-12-15,14.56926
TFT1 N:02_0_N Comdty,2021-12-16,14.44441
TFT1 N:02_0_N Comdty,2021-12-17,14.50215
TFT1 N:02_0_N Comdty,2021-12-20,14.45451
TFT1 N:02_0_N Comdty,2021-12-21,14.52524
TFT1 N:02_0_N Comdty,2021-12-22,14.48324
TFT1 N:02_0_N Comdty,2021-12-23,14.47434
TFT1 N:02_0_N Comdty,2021-12-24,14.49119
TFT1 N:02_0_N Comdty,2021-12-27,14.47626
TFT1 N:02_0_N Comdty,2021-12-28,14.47256
TFT1 N:02_0_N Comdty,2021-12-29,14.45553
TFT1 N:02_0_N Comdty,2021-12-30,14.46595
TFT1 N:02_0_N Comdty,2021-12-31,14.44796
TFT1 N:02_0_N Comdty,2022-01-04,14.46604
TFT1 N:02_0_N Comdty,2022-01-05,14.48019
TFT1 N:02_0_N Comdty,2022-01-06,14.47736
TFT1 N:02_0_N Comdty,2022-01-07,14.46313
TFT1 N:02_0_N Comdty,2022-01-10,14.60942
TFT1 N:02_0_N Comdty,2022-01-11,14.60833
TFT1 N:02_0_N Comdty,2022-01-12,14.45489
TFT1 N:02_0_N Comdty,2022-01-13,14.41361
TFT1 N:02_0_N Comdty,2022-01-14,14.48678
TFT1 N:02_0_N Comdty,2022-01-17,14.50474
TFT1 N:02_0_N Comdty,2022-01-18,14.58844
TFT1 N:02_0_N Comdty,2022-01-19,14.61417
TFT1 N:02_0_N Comdty,2022-01-20,14.63243
TFT1 N:02_0_N Comdty,2022-01-21,14.57326
TFT1 N:02_0_N Comdty,2022-01-24,14.64021
TFT1 N:02_0_N Comdty,2022-01-25,14.74475
TFT1 N:02_0_N Comdty,2022-01-26,14.7476
TFT1 N:02_0_N Comdty,2022-01-27,14.79316
TFT1 N:02_0_N Comdty,2022-01-28,14.83028
TFT1 N:02_0_N Comdty,2022-02-07,14.71064
TFT1 N:02_0_N Comdty,2022-02-08,14.70084
TFT1 N:02_0_N Comdty,2022-02-09,14.67162
TFT1 N:02_0_N Comdty,2022-02-10,14.7058
TFT1 N:02_0_N Comdty,2022-02-11,14.66222
TFT1 N:02_0_N Comdty,2022-02-14,14.63791
TFT1 N:02_0_N Comdty,2022-02-15,14.69811
TFT1 N:02_0_N Comdty,2022-02-16,14.63472
TFT1 N:02_0_N Comdty,2022-02-17,14.6321
TFT1 N:02_0_N Comdty,2022-02-18,14.65175
TFT1 N:02_0_N Comdty,2022-02-21,14.5093
TFT1 N:02_0_N Comdty,2022-02-22,14.59686
TFT1 N:02_0_N Comdty,2022-02-23,14.60934
TFT1 N:02_0_N Comdty,2022-02-24,14.71215
TFT1 N:02_0_N Comdty,2022-02-25,14.78726
TFT1 N:02_0_N Comdty,2022-02-28,14.67281
TFT1 N:02_0_N Comdty,2022-03-01,14.65249
TFT1 N:02_0_N Comdty,2022-03-02,14.65173
TFT1 N:02_0_N Comdty,2022-03-03,14.59812
TFT1 N:02_0_N Comdty,2022-03-04,14.59628
TFT1 N:02_0_N Comdty,2022-03-07,14.73248
TFT1 N:02_0_N Comdty,2022-03-08,14.78607
TFT1 N:02_0_N Comdty,2022-03-09,14.70328
TFT1 N:02_0_N Comdty,2022-03-10,14.67162
TFT1 N:02_0_N Comdty,2022-03-11,14.74464
TFT1 N:02_0_N Comdty,2022-03-14,14.80728
TFT1 N:02_0_N Comdty,2022-03-15,14.82078
TFT1 N:02_0_N Comdty,2022-03-16,14.89923
TFT1 N:02_0_N Comdty,2022-03-17,14.7805
TFT1 N:02_0_N Comdty,2022-03-18,14.74015
TFT1 N:02_0_N Comdty,2022-03-21,14.71633
TFT1 N:02_0_N Comdty,2022-03-22,14.67184
TFT1 N:02_0_N Comdty,2022-03-23,14.63168
TFT1 N:02_0_N Comdty,2022-03-24,14.66041
TFT1 N:02_0_N Comdty,2022-03-25,14.6843
TFT1 N:02_0_N Comdty,2022-03-28,14.71436
TFT1 N:02_0_N Comdty,2022-03-29,14.70908
TFT1 N:02_0_N Comdty,2022-03-30,14.63204
TFT1 N:02_0_N Comdty,2022-03-31,14.60611
TFT1 N:02_0_N Comdty,2022-04-01,14.63667
TFT1 N:02_0_N Comdty,2022-04-06,14.75907
TFT1 N:02_0_N Comdty,2022-04-07,14.8082
TFT1 N:02_0_N Comdty,2022-04-08,14.78444
TFT1 N:02_0_N Comdty,2022-04-11,14.706
TFT1 N:02_0_N Comdty,2022-04-12,14.70324
TFT1 N:02_0_N Comdty,2022-04-13,14.75891
TFT1 N:02_0_N Comdty,2022-04-14,14.8922
TFT1 N:02_0_N Comdty,2022-04-15,14.90102
TFT1 N:02_0_N Comdty,2022-04-18,14.87282
TFT1 N:02_0_N Comdty,2022-04-19,14.87313
TFT1 N:02_0_N Comdty,2022-04-20,14.80735
TFT1 N:02_0_N Comdty,2022-04-21,14.82762
TFT1 N:02_0_N Comdty,2022-04-22,14.74862
TFT1 N:02_0_N Comdty,2022-04-25,14.6606
TFT1 N:02_0_N Comdty,2022-04-26,14.69656
TFT1 N:02_0_N Comdty,2022-04-27,14.78584
TFT1 N:02_0_N Comdty,2022-04-28,14.65824
TFT1 N:02_0_N Comdty,2022-04-29,14.75328
TFT1 N:02_0_N Comdty,2022-05-05,14.90273
TFT1 N:02_0_N Comdty,2022-05-06,14.86697
TFT1 N:02_0_N Comdty,2022-05-09,14.82374
TFT1 N:02_0_N Comdty,2022-05-10,14.87842
TFT1 N:02_0_N Comdty,2022-05-11,14.83119
TFT1 N:02_0_N Comdty,2022-05-12,14.8914
TFT1 N:02_0_N Comdty,2022-05-13,14.85298
TFT1 N:02_0_N Comdty,2022-05-16,14.85979
TFT1 N:02_0_N Comdty,2022-05-17,14.84271
TFT1 N:02_0_N Comdty,2022-05-18,14.72428
TFT1 N:02_0_N Comdty,2022-05-19,14.5786
TFT1 N:02_0_N Comdty,2022-05-20,14.66632
TFT1 N:02_0_N Comdty,2022-05-23,14.66574
TFT1 N:02_0_N Comdty,2022-05-24,14.57683
TFT1 N:02_0_N Comdty,2022-05-25,14.56363
TFT1 N:02_0_N Comdty,2022-05-26,14.46204
TFT1 N:02_0_N Comdty,2022-05-27,14.50625
TFT1 N:02_0_N Comdty,2022-05-30,14.56224
TFT1 N:02_0_N Comdty,2022-05-31,14.52439
TFT1 N:02_0_N Comdty,2022-06-01,14.5703
TFT1 N:02_0_N Comdty,2022-06-02,14.54906
TFT1 N:02_0_N Comdty,2022-06-06,14.71157
TFT1 N:02_0_N Comdty,2022-06-07,14.74505
TFT1 N:02_0_N Comdty,2022-06-08,14.75272
TFT1 N:02_0_N Comdty,2022-06-09,14.68991
TFT1 N:02_0_N Comdty,2022-06-10,14.80009
TFT1 N:02_0_N Comdty,2022-06-13,14.79709
TFT1 N:02_0_N Comdty,2022-06-14,14.92092
TFT1 N:02_0_N Comdty,2022-06-15,14.96808
TFT1 N:02_0_N Comdty,2022-06-16,14.44326
TFT1 N:02_0_N Comdty,2022-06-17,14.5218
TFT1 N:02_0_N Comdty,2022-06-20,14.48457
TFT1 N:02_0_N Comdty,2022-06-21,14.46653
TFT1 N:02_0_N Comdty,2022-06-22,14.39652
TFT1 N:02_0_N Comdty,2022-06-23,14.37831
TFT1 N:02_0_N Comdty,2022-06-24,14.34034
TFT1 N:02_0_N Comdty,2022-06-27,14.23766
TFT1 N:02_0_N Comdty,2022-06-28,14.21474
TFT1 N:02_0_N Comdty,2022-06-29,14.22182
TFT1 N:02_0_N Comdty,2022-06-30,14.23439
TFT1 N:02_0_N Comdty,2022-07-01,14.35207
TFT1 N:02_0_N Comdty,2022-07-04,14.30051
TFT1 N:02_0_N Comdty,2022-07-05,14.40159
TFT1 N:02_0_N Comdty,2022-07-06,14.4776
TFT1 N:02_0_N Comdty,2022-07-07,14.53194
TFT1 N:02_0_N Comdty,2022-07-08,14.60155
TFT1 N:02_0_N Comdty,2022-07-11,14.61617
TFT1 N:02_0_N Comdty,2022-07-12,14.63512
TFT1 N:02_0_N Comdty,2022-07-13,14.5991
TFT1 N:02_0_N Comdty,2022-07-14,14.65532
TFT1 N:02_0_N Comdty,2022-07-15,14.55514
TFT1 N:02_0_N Comdty,2022-07-18,14.55988
TFT1 N:02_0_N Comdty,2022-07-19,14.43633
TFT1 N:02_0_N Comdty,2022-07-20,14.50115
TFT1 N:02_0_N Comdty,2022-07-21,14.44848
TFT1 N:02_0_N Comdty,2022-07-22,14.33978
TFT1 N:02_0_N Comdty,2022-07-25,14.41009
TFT1 N:02_0_N Comdty,2022-07-26,14.36037
TFT1 N:02_0_N Comdty,2022-07-27,14.409
TFT1 N:02_0_N Comdty,2022-07-28,14.27315
TFT1 N:02_0_N Comdty,2022-07-29,14.26853
TFT1 N:02_0_N Comdty,2022-08-01,14.20645
TFT1 N:02_0_N Comdty,2022-08-02,14.31097
TFT1 N:02_0_N Comdty,2022-08-03,14.43908
TFT1 N:02_0_N Comdty,2022-08-04,14.34831
TFT1 N:02_0_N Comdty,2022-08-05,14.40333
TFT1 N:02_0_N Comdty,2022-08-08,14.31493
TFT1 N:02_0_N Comdty,2022-08-09,14.28416
TFT1 N:02_0_N Comdty,2022-08-10,14.16048
TFT1 N:02_0_N Comdty,2022-08-11,14.10685
TFT1 N:02_0_N Comdty,2022-08-12,14.14079
TFT1 N:02_0_N Comdty,2022-08-15,14.22102
TFT1 N:02_0_N Comdty,2022-08-16,14.28708
TFT1 N:02_0_N Comdty,2022-08-17,14.33774
TFT1 N:02_0_N Comdty,2022-08-18,14.39065
TFT1 N:02_0_N Comdty,2022-08-19,14.36841
TFT1 N:02_0_N Comdty,2022-08-22,14.38862
TFT1 N:02_0_N Comdty,2022-08-23,14.38653
TFT1 N:02_0_N Comdty,2022-08-24,14.40145
TFT1 N:02_0_N Comdty,2022-08-25,14.36133
TFT1 N:02_0_N Comdty,2022-08-26,14.32181
TFT1 N:02_0_N Comdty,2022-08-29,14.29759
TFT1 N:02_0_N Comdty,2022-08-30,14.39615
TFT1 N:02_0_N Comdty,2022-08-31,14.46439
TFT1 N:02_0_N Comdty,2022-09-01,14.55785
TFT1 N:02_0_N Comdty,2022-09-02,14.55566
TFT1 N:02_0_N Comdty,2022-09-05,14.47285
TFT1 N:02_0_N Comdty,2022-09-06,14.49454
TFT1 N:02_0_N Comdty,2022-09-07,14.38849
TFT1 N:02_0_N Comdty,2022-09-08,14.18973
TFT1 N:02_0_N Comdty,2022-09-09,14.051
TFT1 N:02_0_N Comdty,2022-09-13,14.02997
TFT1 N:02_0_N Comdty,2022-09-14,13.98979
TFT1 N:02_0_N Comdty,2022-09-15,13.9082
TFT1 N:02_0_N Comdty,2022-09-16,13.98766
TFT1 N:02_0_N Comdty,2022-09-19,13.95841
TFT1 N:02_0_N Comdty,2022-09-20,13.92898
TFT1 N:02_0_N Comdty,2022-09-21,13.91097
TFT1 N:02_0_N Comdty,2022-09-22,14.04549
TFT1 N:02_0_N Comdty,2022-09-23,13.92751
TFT1 N:02_0_N Comdty,2022-09-26,14.07255
TFT1 N:02_0_N Comdty,2022-09-27,13.93803
TFT1 N:02_0_N Comdty,2022-09-28,13.68375
TFT1 N:02_0_N Comdty,2022-09-29,13.85295
TFT1 N:02_0_N Comdty,2022-09-30,13.90833
TFT1 N:02_0_N Comdty,2022-10-10,14.1011
TFT1 N:02_0_N Comdty,2022-10-11,13.95696
TFT1 N:02_0_N Comdty,2022-10-12,14.0664
TFT1 N:02_0_N Comdty,2022-10-13,14.10348
TFT1 N:02_0_N Comdty,2022-10-14,14.17069
TFT1 N:02_0_N Comdty,2022-10-17,14.02693
TFT1 N:02_0_N Comdty,2022-10-18,14.01837
TFT1 N:02_0_N Comdty,2022-10-19,14.10037
TFT1 N:02_0_N Comdty,2022-10-20,14.05679
TFT1 N:02_0_N Comdty,2022-10-21,13.98078
TFT1 N:02_0_N Comdty,2022-10-24,13.97666
TFT1 N:02_0_N Comdty,2022-10-25,13.87541
TFT1 N:02_0_N Comdty,2022-10-26,13.94634
TFT1 N:02_0_N Comdty,2022-10-27,13.91626
TFT1 N:02_0_N Comdty,2022-10-28,13.97164
TFT1 N:02_0_N Comdty,2022-10-31,13.94686
TFT1 N:02_0_N Comdty,2022-11-01,13.94134
TFT1 N:02_0_N Comdty,2022-11-02,13.8981
TFT1 N:02_0_N Comdty,2022-11-03,14.0896
TFT1 N:02_0_N Comdty,2022-11-04,14.05972
TFT1 N:02_0_N Comdty,2022-11-07,13.87263
TFT1 N:02_0_N Comdty,2022-11-08,13.82457
TFT1 N:02_0_N Comdty,2022-11-09,13.80244
TFT1 N:02_0_N Comdty,2022-11-10,13.69489
TFT1 N:02_0_N Comdty,2022-11-11,13.42369
TFT1 N:02_0_N Comdty,2022-11-14,13.40077
TFT1 N:02_0_N Comdty,2022-11-15,13.4745
TFT1 N:02_0_N Comdty,2022-11-16,13.33165
TFT1 N:02_0_N Comdty,2022-11-17,13.38989
TFT1 N:02_0_N Comdty,2022-11-18,13.44953
TFT1 N:02_0_N Comdty,2022-11-21,13.47671
TFT1 N:02_0_N Comdty,2022-11-22,13.4316
TFT1 N:02_0_N Comdty,2022-11-23,13.30236
TFT1 N:02_0_N Comdty,2022-11-24,13.32846
TFT1 N:02_0_N Comdty,2022-11-25,13.29405
TFT1 N:02_0_N Comdty,2022-11-28,13.23743
TFT1 N:02_0_N Comdty,2022-11-29,13.33949
TFT1 N:02_0_N Comdty,2022-11-30,13.46802
TFT1 N:02_0_N Comdty,2022-12-01,13.3791
TFT1 N:02_0_N Comdty,2022-12-02,13.39305
TFT1 N:02_0_N Comdty,2022-12-05,13.62421
TFT1 N:02_0_N Comdty,2022-12-06,13.52844
TFT1 N:02_0_N Comdty,2022-12-07,13.56506
TFT1 N:02_0_N Comdty,2022-12-08,13.41733
TFT1 N:02_0_N Comdty,2022-12-09,13.36879
TFT1 N:02_0_N Comdty,2022-12-12,13.37134
TFT1 N:02_0_N Comdty,2022-12-13,13.31658
TFT1 N:02_0_N Comdty,2022-12-14,13.31848
TFT1 N:02_0_N Comdty,2022-12-15,13.34186
TFT1 N:02_0_N Comdty,2022-12-16,13.36612
TFT1 N:02_0_N Comdty,2022-12-19,13.34127
TFT1 N:02_0_N Comdty,2022-12-20,13.32633
TFT1 N:02_0_N Comdty,2022-12-21,13.31201
TFT1 N:02_0_N Comdty,2022-12-22,13.36999
TFT1 N:02_0_N Comdty,2022-12-23,13.40426
TFT1 N:02_0_N Comdty,2022-12-26,13.41392
TFT1 N:02_0_N Comdty,2022-12-27,13.35997
TFT1 N:02_0_N Comdty,2022-12-28,13.2738
TFT1 N:02_0_N Comdty,2022-12-29,13.27682
TFT1 N:02_0_N Comdty,2022-12-30,13.39565
TFT1 N:02_0_N Comdty,2023-01-03,13.59312
TFT1 N:02_0_N Comdty,2023-01-04,13.55101
TFT1 N:02_0_N Comdty,2023-01-05,13.6637
TFT1 N:02_0_N Comdty,2023-01-06,13.6326
TFT1 N:02_0_N Comdty,2023-01-09,13.62119
TFT1 N:02_0_N Comdty,2023-01-10,13.62943
TFT1 N:02_0_N Comdty,2023-01-11,13.79006
TFT1 N:02_0_N Comdty,2023-01-12,13.82049
TFT1 N:02_0_N Comdty,2023-01-13,13.83597
TFT1 N:02_0_N Comdty,2023-01-16,13.71335
TFT1 N:02_0_N Comdty,2023-01-17,13.59531
TFT1 N:02_0_N Comdty,2023-01-18,13.52748
TFT1 N:02_0_N Comdty,2023-01-19,13.49238
TFT1 N:02_0_N Comdty,2023-01-20,13.55661
TFT1 N:02_0_N Comdty,2023-01-30,13.67956
TFT1 N:02_0_N Comdty,2023-01-31,13.60705
TFT1 N:02_0_N Comdty,2023-02-01,13.60569
TFT1 N:02_0_N Comdty,2023-02-02,13.61273
TFT1 N:02_0_N Comdty,2023-02-03,13.678
TFT1 N:02_0_N Comdty,2023-02-06,13.7087
TFT1 N:02_0_N Comdty,2023-02-07,13.63096
TFT1 N:02_0_N Comdty,2023-02-08,13.60444
TFT1 N:02_0_N Comdty,2023-02-09,13.63835
TFT1 N:02_0_N Comdty,2023-02-10,13.63465
TFT1 N:02_0_N Comdty,2023-02-13,13.56396
TFT1 N:02_0_N Comdty,2023-02-14,13.57622
TFT1 N:02_0_N Comdty,2023-02-15,13.57336
TFT1 N:02_0_N Comdty,2023-02-16,13.56759
TFT1 N:02_0_N Comdty,2023-02-17,13.57517
TFT1 N:02_0_N Comdty,2023-02-20,13.52251
TFT1 N:02_0_N Comdty,2023-02-21,13.52768
TFT1 N:02_0_N Comdty,2023-02-22,13.55035
TFT1 N:02_0_N Comdty,2023-02-23,13.59111
TFT1 N:02_0_N Comdty,2023-02-24,13.59199
TFT1 N:02_0_N Comdty,2023-02-27,13.5739
TFT1 N:02_0_N Comdty,2023-02-28,13.60643
TFT1 N:02_0_N Comdty,2023-03-01,13.77948
TFT1 N:02_0_N Comdty,2023-03-02,13.72666
TFT1 N:02_0_N Comdty,2023-03-03,13.66353
TFT1 N:02_0_N Comdty,2023-03-06,13.54453
TFT1 N:02_0_N Comdty,2023-03-07,13.62966
TFT1 N:02_0_N Comdty,2023-03-08,13.65456
TFT1 N:02_0_N Comdty,2023-03-09,13.47135
TFT1 N:02_0_N Comdty,2023-03-10,13.32518
TFT1 N:02_0_N Comdty,2023-03-13,13.32984
TFT1 N:02_0_N Comdty,2023-03-14,13.33677
TFT1 N:02_0_N Comdty,2023-03-15,13.50999
TFT1 N:02_0_N Comdty,2023-03-16,13.56557
TFT1 N:02_0_N Comdty,2023-03-17,13.53847
TFT1 N:02_0_N Comdty,2023-03-20,13.56622
TFT1 N:02_0_N Comdty,2023-03-21,13.45903
TFT1 N:02_0_N Comdty,2023-03-22,13.48269
TFT1 N:02_0_N Comdty,2023-03-23,13.46123
TFT1 N:02_0_N Comdty,2023-03-24,13.41328
TFT1 N:02_0_N Comdty,2023-03-27,13.3714
TFT1 N:02_0_N Comdty,2023-03-28,13.43456
TFT1 N:02_0_N Comdty,2023-03-29,13.41768
TFT1 N:02_0_N Comdty,2023-03-30,13.35199
TFT1 N:02_0_N Comdty,2023-03-31,13.36245
TFT1 N:02_0_N Comdty,2023-04-03,13.32053
TFT1 N:02_0_N Comdty,2023-04-04,13.21693
TFT1 N:02_0_N Comdty,2023-04-06,13.19868
TFT1 N:02_0_N Comdty,2023-04-07,13.25056
TFT1 N:02_0_N Comdty,2023-04-10,13.30041
TFT1 N:02_0_N Comdty,2023-04-11,13.23475
TFT1 N:02_0_N Comdty,2023-04-12,13.13443
TFT1 N:02_0_N Comdty,2023-04-13,13.01869
TFT1 N:02_0_N Comdty,2023-04-14,13.12399
TFT1 N:02_0_N Comdty,2023-04-17,13.1495
TFT1 N:02_0_N Comdty,2023-04-18,13.13623
TFT1 N:02_0_N Comdty,2023-04-19,13.13074
TFT1 N:02_0_N Comdty,2023-04-20,13.10302
TFT1 N:02_0_N Comdty,2023-04-21,13.06893
TFT1 N:02_0_N Comdty,2023-04-24,13.00619
TFT1 N:02_0_N Comdty,2023-04-25,12.99532
TFT1 N:02_0_N Comdty,2023-04-26,13.00529
TFT1 N:02_0_N Comdty,2023-04-27,13.10115
TFT1 N:02_0_N Comdty,2023-04-28,13.06924
TFT1 N:02_0_N Comdty,2023-05-04,12.99277
TFT1 N:02_0_N Comdty,2023-05-05,13.10448
TFT1 N:02_0_N Comdty,2023-05-08,13.03935
TFT1 N:02_0_N Comdty,2023-05-09,13.08362
TFT1 N:02_0_N Comdty,2023-05-10,13.06664
TFT1 N:02_0_N Comdty,2023-05-11,13.10077
TFT1 N:02_0_N Comdty,2023-05-12,13.13018
TFT1 N:02_0_N Comdty,2023-05-15,13.07977
TFT1 N:02_0_N Comdty,2023-05-16,13.06317
TFT1 N:02_0_N Comdty,2023-05-17,13.04688
TFT1 N:02_0_N Comdty,2023-05-18,13.0725
TFT1 N:02_0_N Comdty,2023-05-19,13.03798
TFT1 N:02_0_N Comdty,2023-05-22,12.99324
TFT1 N:02_0_N Comdty,2023-05-23,13.02786
TFT1 N:02_0_N Comdty,2023-05-24,13.07868
TFT1 N:02_0_N Comdty,2023-05-25,13.06142
TFT1 N:02_0_N Comdty,2023-05-26,13.04971
TFT1 N:02_0_N Comdty,2023-05-29,13.01786
TFT1 N:02_0_N Comdty,2023-05-30,13.03846
TFT1 N:02_0_N Comdty,2023-05-31,13.09494
TFT1 N:02_0_N Comdty,2023-06-01,13.03838
TFT1 N:02_0_N Comdty,2023-06-02,13.05462
TFT1 N:02_0_N Comdty,2023-06-05,12.99976
TFT1 N:02_0_N Comdty,2023-06-06,13.0106
TFT1 N:02_0_N Comdty,2023-06-07,13.01529
TFT1 N:02_0_N Comdty,2023-06-08,12.86353
TFT1 N:02_0_N Comdty,2023-06-09,12.90118
TFT1 N:02_0_N Comdty,2023-06-12,12.9792
TFT1 N:02_0_N Comdty,2023-06-13,12.89412
TFT1 N:02_0_N Comdty,2023-06-14,12.81842
TFT1 N:02_0_N Comdty,2023-06-15,12.73357
TFT1 N:02_0_N Comdty,2023-06-16,12.73328
TFT1 N:02_0_N Comdty,2023-06-19,12.69578
TFT1 N:02_0_N Comdty,2023-06-20,12.70554
TFT1 N:02_0_N Comdty,2023-06-21,12.66336
TFT1 N:02_0_N Comdty,2023-06-26,12.57852
TFT1 N:02_0_N Comdty,2023-06-27,12.5707
TFT1 N:02_0_N Comdty,2023-06-28,12.59492
TFT1 N:02_0_N Comdty,2023-06-29,12.63079
TFT1 N:02_0_N Comdty,2023-06-30,12.57659
TFT1 N:02_0_N Comdty,2023-07-03,12.60842
TFT1 N:02_0_N Comdty,2023-07-04,12.63889
TFT1 N:02_0_N Comdty,2023-07-05,12.62506
TFT1 N:02_0_N Comdty,2023-07-06,12.59604
TFT1 N:02_0_N Comdty,2023-07-07,12.53293
TFT1 N:02_0_N Comdty,2023-07-10,12.5064
TFT1 N:02_0_N Comdty,2023-07-11,12.45704
TFT1 N:02_0_N Comdty,2023-07-12,12.36162
TFT1 N:02_0_N Comdty,2023-07-13,12.25573
TFT1 N:02_0_N Comdty,2023-07-14,12.30727
TFT1 N:02_0_N Comdty,2023-07-17,12.25464
TFT1 N:02_0_N Comdty,2023-07-18,12.22842
TFT1 N:02_0_N Comdty,2023-07-19,12.15755
TFT1 N:02_0_N Comdty,2023-07-20,12.35071
TFT1 N:02_0_N Comdty,2023-07-21,12.32835
TFT1 N:02_0_N Comdty,2023-07-24,12.36293
TFT1 N:02_0_N Comdty,2023-07-25,12.34273
TFT1 N:02_0_N Comdty,2023-07-26,12.31599
TFT1 N:02_0_N Comdty,2023-07-27,12.38088
TFT1 N:02_0_N Comdty,2023-07-28,12.39917
TFT1 N:02_0_N Comdty,2023-07-31,12.41126
TFT1 N:02_0_N Comdty,2023-08-01,12.45233
TFT1 N:02_0_N Comdty,2023-08-02,12.43712
TFT1 N:02_0_N Comdty,2023-08-03,12.46152
TFT1 N:02_0_N Comdty,2023-08-04,12.42112
TFT1 N:02_0_N Comdty,2023-08-07,12.43085
TFT1 N:02_0_N Comdty,2023-08-08,12.41679
TFT1 N:02_0_N Comdty,2023-08-09,12.44626
TFT1 N:02_0_N Comdty,2023-08-10,12.38285
TFT1 N:02_0_N Comdty,2023-08-11,12.405
TFT1 N:02_0_N Comdty,2023-08-14,12.38285
TFT1 N:02_0_N Comdty,2023-08-15,12.38015
TFT1 N:02_0_N Comdty,2023-08-16,12.38471
TFT1 N:02_0_N Comdty,2023-08-17,12.39359
TFT1 N:02_0_N Comdty,2023-08-18,12.44896
TFT1 N:02_0_N Comdty,2023-08-21,12.42817
TFT1 N:02_0_N Comdty,2023-08-22,12.41219
TFT1 N:02_0_N Comdty,2023-08-23,12.41884
TFT1 N:02_0_N Comdty,2023-08-24,12.48612
TFT1 N:02_0_N Comdty,2023-08-25,12.49578
TFT1 N:02_0_N Comdty,2023-08-28,12.4598
TFT1 N:02_0_N Comdty,2023-08-29,12.39114
TFT1 N:02_0_N Comdty,2023-08-30,12.38856
TFT1 N:02_0_N Comdty,2023-08-31,12.49826
TFT1 N:02_0_N Comdty,2023-09-01,12.49477
TFT1 N:02_0_N Comdty,2023-09-04,12.43522
TFT1 N:02_0_N Comdty,2023-09-05,12.4561
TFT1 N:02_0_N Comdty,2023-09-06,12.4583
TFT1 N:02_0_N Comdty,2023-09-07,12.37909
TFT1 N:02_0_N Comdty,2023-09-08,12.35502
TFT1 N:02_0_N Comdty,2023-09-11,12.42754
TFT1 N:02_0_N Comdty,2023-09-12,12.44616
TFT1 N:02_0_N Comdty,2023-09-13,12.50786
TFT1 N:02_0_N Comdty,2023-09-14,12.56113
TFT1 N:02_0_N Comdty,2023-09-15,12.54836
TFT1 N:02_0_N Comdty,2023-09-18,12.50666
TFT1 N:02_0_N Comdty,2023-09-19,12.51634
TFT1 N:02_0_N Comdty,2023-09-20,12.47751
TFT1 N:02_0_N Comdty,2023-09-21,12.60322
TFT1 N:02_0_N Comdty,2023-09-22,12.62204
TFT1 N:02_0_N Comdty,2023-09-25,12.65711
TFT1 N:02_0_N Comdty,2023-09-26,12.70848
TFT1 N:02_0_N Comdty,2023-09-27,12.79679
TFT1 N:02_0_N Comdty,2023-09-28,12.78038
TFT1 N:02_0_N Comdty,2023-10-09,12.68023
TFT1 N:02_0_N Comdty,2023-10-10,12.60496
TFT1 N:02_0_N Comdty,2023-10-11,12.55234
TFT1 N:02_0_N Comdty,2023-10-12,12.61133
TFT1 N:02_0_N Comdty,2023-10-13,12.54544
TFT1 N:02_0_N Comdty,2023-10-16,12.53276
TFT1 N:02_0_N Comdty,2023-10-17,12.51321
TFT1 N:02_0_N Comdty,2023-10-18,12.47268
TFT1 N:02_0_N Comdty,2023-10-19,12.37514
TFT1 N:02_0_N Comdty,2023-10-20,12.3706
TFT1 N:02_0_N Comdty,2023-10-23,12.38306
TFT1 N:02_0_N Comdty,2023-10-24,12.40017
TFT1 N:02_0_N Comdty,2023-10-25,12.45501
TFT1 N:02_0_N Comdty,2023-10-26,12.51033
TFT1 N:02_0_N Comdty,2023-10-27,12.55197
TFT1 N:02_0_N Comdty,2023-10-30,12.55529
TFT1 N:02_0_N Comdty,2023-10-31,12.66776
TFT1 N:02_0_N Comdty,2023-11-01,12.67511
TFT1 N:02_0_N Comdty,2023-11-02,12.62868
TFT1 N:02_0_N Comdty,2023-11-03,12.57459
TFT1 N:02_0_N Comdty,2023-11-06,12.60588
TFT1 N:02_0_N Comdty,2023-11-07,12.63253
TFT1 N:02_0_N Comdty,2023-11-08,12.62763
TFT1 N:02_0_N Comdty,2023-11-09,12.62668
TFT1 N:02_0_N Comdty,2023-11-10,12.64781
TFT1 N:02_0_N Comdty,2023-11-13,12.6476
TFT1 N:02_0_N Comdty,2023-11-14,12.52681
TFT1 N:02_0_N Comdty,2023-11-15,12.49618
TFT1 N:02_0_N Comdty,2023-11-16,12.52649
TFT1 N:02_0_N Comdty,2023-11-17,12.56295
TFT1 N:02_0_N Comdty,2023-11-20,12.61418
TFT1 N:02_0_N Comdty,2023-11-21,12.63956
TFT1 N:02_0_N Comdty,2023-11-22,12.59155
TFT1 N:02_0_N Comdty,2023-11-23,12.5888
TFT1 N:02_0_N Comdty,2023-11-24,12.55217
TFT1 N:02_0_N Comdty,2023-11-27,12.53836
TFT1 N:02_0_N Comdty,2023-11-28,12.53038
TFT1 N:02_0_N Comdty,2023-11-29,12.50398
TFT1 N:02_0_N Comdty,2023-11-30,12.50829
TFT1 N:02_0_N Comdty,2023-12-01,12.45556
TFT1 N:02_0_N Comdty,2023-12-04,12.45335
TFT1 N:02_0_N Comdty,2023-12-05,12.48537
TFT1 N:02_0_N Comdty,2023-12-06,12.45295
TFT1 N:02_0_N Comdty,2023-12-07,12.47398
TFT1 N:02_0_N Comdty,2023-12-08,12.53519
TFT1 N:02_0_N Comdty,2023-12-11,12.53666
TFT1 N:02_0_N Comdty,2023-12-12,12.48069
TFT1 N:02_0_N Comdty,2023-12-13,12.53428
TFT1 N:02_0_N Comdty,2023-12-14,12.44396
TFT1 N:02_0_N Comdty,2023-12-15,12.50312
TFT1 N:02_0_N Comdty,2023-12-18,12.47434
TFT1 N:02_0_N Comdty,2023-12-19,12.41157
TFT1 N:02_0_N Comdty,2023-12-20,12.37199
TFT1 N:02_0_N Comdty,2023-12-21,12.33712
TFT1 N:02_0_N Comdty,2023-12-22,12.31967
TFT1 N:02_0_N Comdty,2023-12-25,12.34126
TFT1 N:02_0_N Comdty,2023-12-26,12.31113
TFT1 N:02_0_N Comdty,2023-12-27,12.15041
TFT1 N:02_0_N Comdty,2023-12-28,12.16283
TFT1 N:02_0_N Comdty,2023-12-29,12.15453
